sentence_id,CUI,level_1,level_2,level_3,level_4,level_5
1,C0000765,0,0,1,0,0
1,C0701811,0,0,1,0,0
1,C0043094,1,0,0,0,0
1,C0586746,0,0,1,0,0
2,C0036104,1,0,0,0,0
3,C0036104,1,0,0,0,0
4,C0549622,1,0,0,0,0
6,C0027497,1,0,0,0,0
6,C0344232,1,0,0,0,0
6,C0438696,1,0,0,0,0
6,C0038661,1,0,0,0,0
7,C0344232,1,0,0,0,0
11,C0027497,1,0,0,0,0
11,C0086769,1,0,0,0,0
11,C0003467,1,0,0,0,0
11,C0030318,1,0,0,0,0
11,C0700031,1,0,0,0,0
12,C0027497,1,0,0,0,0
12,C0003467,1,0,0,0,0
13,C0003467,1,0,0,0,0
13,C0012833,1,0,0,0,0
14,C0012833,1,0,0,0,0
15,C0027497,1,0,0,0,0
15,C0012833,1,0,0,0,0
16,C0000765,0,0,1,0,0
16,C0010201,1,0,0,0,0
16,C0043094,1,0,0,0,0
16,C0010200,1,0,0,0,0
17,C0583237,0,0,1,0,0
17,C0039231,1,0,0,0,0
17,C0042571,1,0,0,0,0
19,C0560765,0,0,1,0,0
19,C0563717,0,0,1,0,0
19,C0582140,0,0,1,0,0
20,C0000765,0,0,1,0,0
20,C0043094,1,0,0,0,0
21,C0027497,1,0,0,0,0
21,C0012833,1,0,0,0,0
21,C0039231,1,0,0,0,0
21,C0042571,1,0,0,0,0
22,C0042571,1,0,0,0,0
22,C0036104,1,0,0,0,0
23,C0042571,1,0,0,0,0
24,C0042571,1,0,0,0,0
25,C0037763,1,0,0,0,0
25,C0231530,1,0,0,0,0
25,C0016382,1,0,0,0,0
25,C0026821,0,0,1,0,0
30,C0000765,0,0,1,0,0
30,C0043094,1,0,0,0,0
31,C0242350,1,0,0,0,0
33,C0149931,1,0,0,0,0
33,C0011057,1,0,0,0,0
34,C0497247,0,0,1,0,0
36,C0235195,1,0,0,0,0
39,C0701810,0,0,1,0,0
41,C0028643,1,0,0,0,0
41,C0232937,0,0,1,0,0
43,C0344232,1,0,0,0,0
43,C0003467,1,0,0,0,0
43,C0424444,1,0,0,0,0
43,C0018681,1,0,0,0,0
45,C0018681,1,0,0,0,0
47,C0003467,1,0,0,0,0
47,C0455769,1,0,0,0,0
48,C0581881,1,0,0,0,0
48,C0278180,0,0,1,0,0
50,C0003467,1,0,0,0,0
51,C0012833,1,0,0,0,0
51,C0231530,0,0,1,0,0
51,C0015672,1,0,0,0,0
51,C0242979,1,0,0,0,0
53,C0557875,1,0,0,0,0
54,C0701810,0,0,1,0,0
54,C0233494,1,0,0,0,0
56,C0028081,1,0,0,0,0
56,C0085633,1,0,0,0,0
56,C0038990,1,0,0,0,0
56,C0235169,1,0,0,0,0
57,C0424000,1,0,0,0,0
57,C0438696,1,0,0,0,0
57,C0038661,1,0,0,0,0
58,C0000765,0,0,1,0,0
58,C0027497,1,0,0,0,0
58,C0043094,1,0,0,0,0
58,C0018681,1,0,0,0,0
58,C0015672,1,0,0,0,0
58,C0037317,0,0,1,0,0
58,C0150079,0,0,1,0,0
58,c0037317,0,0,1,0,0
59,C0042963,0,0,1,0,0
59,C0392171,0,0,1,0,0
59,C0036104,1,0,0,0,0
61,C0234655,0,0,1,0,0
62,C0234655,0,0,1,0,0
63,C0030193,1,0,0,0,0
66,C0497247,0,0,1,0,0
66,C0085593,1,0,0,0,0
68,C0281856,0,0,1,0,0
68,C0030193,1,0,0,0,0
68,C0234238,1,0,0,0,0
68,C0423572,1,0,0,0,0
69,C0000765,0,0,1,0,0
69,C0043094,1,0,0,0,0
69,C0015672,1,0,0,0,0
69,C0023380,1,0,0,0,0
69,C0586746,0,0,1,0,0
73,C0015672,1,0,0,0,0
76,C0234655,0,0,1,0,0
78,C3839824,0,0,1,0,0
79,C0027497,1,0,0,0,0
79,C0003467,1,0,0,0,0
79,C0037317,1,0,0,0,0
79,C0392674,1,0,0,0,0
79,c0037317,1,0,0,0,0
80,C0012833,1,0,0,0,0
80,C0392171,0,0,1,0,0
85,C0151786,1,0,0,0,0
85,C0424336,0,0,1,0,0
85,C0578673,1,0,0,0,0
85,C0241705,0,0,1,0,0
86,C0542476,1,0,0,0,0
89,C0424000,1,0,0,0,0
89,C0438696,1,0,0,0,0
89,C0038661,1,0,0,0,0
90,C0027497,1,0,0,0,0
90,C0003467,1,0,0,0,0
90,C0231403,1,0,0,0,0
90,C0030318,1,0,0,0,0
92,C0030252,1,0,0,0,0
93,C4075722,0,0,1,0,0
93,C0030318,1,0,0,0,0
93,C0030252,1,0,0,0,0
93,C0522165,0,0,1,0,0
94,C0003467,1,0,0,0,0
96,C0424000,1,0,0,0,0
96,C0438696,1,0,0,0,0
96,C0038661,1,0,0,0,0
96,C0036104,1,0,0,0,0
98,C0438696,1,0,0,0,0
98,C0038661,1,0,0,0,0
99,C0003467,1,0,0,0,0
99,C0237314,0,0,1,0,0
99,C0438696,1,0,0,0,0
99,C0038661,1,0,0,0,0
100,C0030193,1,0,0,0,0
100,C0564821,0,0,1,0,0
101,C0019993,1,0,0,0,0
101,C0041755,0,0,1,0,0
102,C0003467,1,0,0,0,0
102,C0424444,1,0,0,0,0
102,C0038990,1,0,0,0,0
102,C0028084,1,0,0,0,0
104,C4075722,0,0,1,0,0
106,C0086769,1,0,0,0,0
106,C0003467,1,0,0,0,0
106,C0231403,1,0,0,0,0
106,C0018681,1,0,0,0,0
106,C0030318,1,0,0,0,0
106,C0043387,1,0,0,0,0
106,C0040822,1,0,0,0,0
106,C0700031,1,0,0,0,0
109,C0392171,0,0,1,0,0
109,C0234238,1,0,0,0,0
109,C0232292,1,0,0,0,0
109,C0344375,1,0,0,0,0
109,C0221512,1,0,0,0,0
109,C0026821,1,0,0,0,0
111,C0003467,1,0,0,0,0
111,C0018681,1,0,0,0,0
111,C0438696,1,0,0,0,0
111,C0038661,1,0,0,0,0
112,C0000765,0,0,1,0,0
112,C0701811,0,0,1,0,0
112,C0003467,1,0,0,0,0
112,C0043094,1,0,0,0,0
112,C0023380,1,0,0,0,0
112,C0020175,1,0,0,0,0
113,C0015672,1,0,0,0,0
116,C0234238,1,0,0,0,0
116,C0016770,1,0,0,0,0
116,C0221512,1,0,0,0,0
116,C0028643,1,0,0,0,0
116,C0581912,1,0,0,0,0
116,C0587054,0,0,1,0,0
118,C0003467,1,0,0,0,0
118,C0018681,1,0,0,0,0
118,C0015672,1,0,0,0,0
118,C0037317,1,0,0,0,0
118,C0344375,1,0,0,0,0
118,C0009806,1,0,0,0,0
118,C0235309,0,0,1,0,0
118,c0037317,1,0,0,0,0
120,C0085633,1,0,0,0,0
120,C0438696,1,0,0,0,0
120,C0038661,1,0,0,0,0
122,C0000765,0,0,1,0,0
122,C0043094,1,0,0,0,0
124,C0000765,0,0,1,0,0
124,C0043094,1,0,0,0,0
124,C0231247,0,0,1,0,0
125,C0497406,1,0,0,0,0
127,C2939147,0,0,1,0,0
129,C0030193,1,0,0,0,0
129,C0424158,0,0,1,0,0
130,C0027497,1,0,0,0,0
130,C0018681,1,0,0,0,0
133,C0557875,1,0,0,0,0
135,C0027497,1,0,0,0,0
135,C0012833,1,0,0,0,0
135,C0018681,1,0,0,0,0
136,C0012833,1,0,0,0,0
136,C3536730,1,0,0,0,0
137,C0018681,1,0,0,0,0
138,C0018681,1,0,0,0,0
141,C0018681,1,0,0,0,0
144,C0438697,1,0,0,0,0
144,C0010399,1,0,0,0,0
145,C4075722,0,0,1,0,0
145,C0015672,1,0,0,0,0
153,C0000765,0,0,1,0,0
153,C0043094,1,0,0,0,0
154,C1821572,0,0,1,0,0
155,C0344232,1,0,0,0,0
155,C0233494,1,0,0,0,0
158,C0423684,0,0,1,0,0
158,C0004604,0,0,1,0,0
158,C0024031,0,0,1,0,0
160,C0036104,1,0,0,0,0
162,C0438697,1,0,0,0,0
162,C0521008,1,0,0,0,0
162,C0019993,1,0,0,0,0
162,C0010399,1,0,0,0,0
162,C0036104,1,0,0,0,0
166,C0027497,1,0,0,0,0
166,C0018681,1,0,0,0,0
167,C0018681,1,0,0,0,0
168,C0000765,0,0,1,0,0
168,C0027497,1,0,0,0,0
168,C0043094,1,0,0,0,0
168,C0424444,1,0,0,0,0
168,C0586746,0,0,1,0,0
168,C0009806,1,0,0,0,0
168,C2364111,1,0,0,0,0
171,C0020175,1,0,0,0,0
172,C0558261,1,0,0,0,0
173,C0018681,1,0,0,0,0
173,C0234238,1,0,0,0,0
174,C0917801,1,0,0,0,0
174,C0234238,1,0,0,0,0
174,C0018524,1,0,0,0,0
175,C0234238,1,0,0,0,0
176,C0036104,1,0,0,0,0
179,C0018681,1,0,0,0,0
182,C0000765,0,0,1,0,0
182,C0012833,1,0,0,0,0
182,C0233484,1,0,0,0,0
182,C0015672,1,0,0,0,0
182,C0542476,1,0,0,0,0
182,C0028643,1,0,0,0,0
182,C0425769,1,0,0,0,0
182,C0425766,1,0,0,0,0
182,C0239832,0,0,1,0,0
182,C0241705,0,0,1,0,0
182,C0424091,1,0,0,0,0
183,C0003467,1,0,0,0,0
184,C0235169,1,0,0,0,0
185,C0012833,1,0,0,0,0
185,C0015672,1,0,0,0,0
188,C0086769,1,0,0,0,0
188,C0030318,1,0,0,0,0
188,C0028643,1,0,0,0,0
190,C0015672,1,0,0,0,0
191,C0557875,1,0,0,0,0
191,C0392674,1,0,0,0,0
192,C0015672,1,0,0,0,0
193,C0027497,1,0,0,0,0
193,C0038990,1,0,0,0,0
193,C0011991,1,0,0,0,0
194,C0086769,1,0,0,0,0
194,C0583237,0,0,1,0,0
194,C0030318,1,0,0,0,0
194,C0038990,1,0,0,0,0
194,C1443924,1,0,0,0,0
194,C0011991,1,0,0,0,0
194,C0554978,1,0,0,0,0
195,C0086769,1,0,0,0,0
195,C0003467,1,0,0,0,0
195,C0030318,1,0,0,0,0
195,C0700031,1,0,0,0,0
197,C0003467,1,0,0,0,0
197,C0030318,1,0,0,0,0
198,C0003467,1,0,0,0,0
198,C0030318,1,0,0,0,0
198,C0438697,1,0,0,0,0
198,C0010399,1,0,0,0,0
199,C0003467,1,0,0,0,0
199,C0438697,1,0,0,0,0
199,C0010399,1,0,0,0,0
200,C0012833,1,0,0,0,0
200,C0018681,1,0,0,0,0
201,C0030193,1,0,0,0,0
201,C0011991,1,0,0,0,0
201,C0000737,1,0,0,0,0
202,C0438696,1,0,0,0,0
202,C0038661,1,0,0,0,0
203,C0003467,1,0,0,0,0
204,C0018681,1,0,0,0,0
207,C0027497,1,0,0,0,0
208,C0003467,1,0,0,0,0
208,C0700031,1,0,0,0,0
210,C0009806,1,0,0,0,0
211,C0000765,0,0,1,0,0
211,C0043094,1,0,0,0,0
211,C0030193,1,0,0,0,0
217,C0018681,1,0,0,0,0
217,C0233494,1,0,0,0,0
217,C0427195,1,0,0,0,0
219,C0003467,1,0,0,0,0
220,C0917801,1,0,0,0,0
221,C0425251,0,0,1,0,0
222,C0701810,0,0,1,0,0
224,C0231528,1,0,0,0,0
224,C0030193,1,0,0,0,0
226,C0027497,1,0,0,0,0
226,C0012833,1,0,0,0,0
227,C0030193,1,0,0,0,0
227,C0278140,1,0,0,0,0
227,C0423684,0,0,1,0,0
227,C0004604,1,0,0,0,0
227,C0033774,1,0,0,0,0
227,C0024031,0,0,1,0,0
228,C0010709,1,0,0,0,0
228,C0702166,1,0,0,0,0
229,C0030193,1,0,0,0,0
229,C0423684,0,0,1,0,0
229,C0004604,1,0,0,0,0
229,C0010709,1,0,0,0,0
229,C0033774,1,0,0,0,0
229,C0002957,1,0,0,0,0
229,C0024031,0,0,1,0,0
229,C0564821,0,0,1,0,0
229,C0582093,0,0,1,0,0
230,C0701810,0,0,1,0,0
230,C0557875,1,0,0,0,0
230,C0456814,1,0,0,0,0
230,C0424336,0,0,1,0,0
231,C0557875,1,0,0,0,0
231,C0424336,0,0,1,0,0
236,C0557875,1,0,0,0,0
236,C0456814,1,0,0,0,0
236,C0424336,0,0,1,0,0
237,C0392674,1,0,0,0,0
237,C0028084,1,0,0,0,0
243,C0577027,1,0,0,0,0
244,C0000765,0,0,1,0,0
244,C0043094,1,0,0,0,0
244,C0701810,0,0,1,0,0
244,C0015672,1,0,0,0,0
244,C0586746,0,0,1,0,0
244,C0009806,1,0,0,0,0
251,C0000765,0,0,1,0,0
251,C0043094,1,0,0,0,0
251,C0586746,0,0,1,0,0
252,C0235169,1,0,0,0,0
253,C0554980,1,0,0,0,0
256,C0557875,1,0,0,0,0
259,C0424117,1,0,0,0,0
259,C0085602,0,0,1,0,0
259,C0582093,0,0,1,0,0
262,C0028084,1,0,0,0,0
264,C0027497,1,0,0,0,0
265,C0000765,0,0,1,0,0
265,C0043094,1,0,0,0,0
265,C0586746,0,0,1,0,0
265,C0011991,1,0,0,0,0
267,C0000765,0,0,1,0,0
267,C0549622,1,0,0,0,0
267,C0003467,1,0,0,0,0
267,C0043094,0,0,1,0,0
267,C0424336,0,0,1,0,0
267,C0041755,0,0,1,0,0
269,C0344232,1,0,0,0,0
270,C0000765,0,0,1,0,0
270,C0043094,1,0,0,0,0
270,C0018681,1,0,0,0,0
270,C0015672,1,0,0,0,0
270,C0028081,1,0,0,0,0
270,C0038990,1,0,0,0,0
270,C1262477,1,0,0,0,0
272,C0028081,1,0,0,0,0
272,C0038990,1,0,0,0,0
273,C0028081,1,0,0,0,0
273,C0038990,1,0,0,0,0
275,C0024031,0,0,1,0,0
279,C0003467,1,0,0,0,0
279,C0425082,0,0,1,0,0
280,C0557875,1,0,0,0,0
280,C0425101,0,0,1,0,0
281,C0000765,0,0,1,0,0
281,C0701811,1,0,0,0,0
281,C0043094,1,0,0,0,0
281,C0037317,1,0,0,0,0
281,C0556385,0,1,0,0,0
281,C0542313,1,0,0,0,0
281,C1262477,1,0,0,0,0
281,c0037317,1,0,0,0,0
282,C0000765,0,0,1,0,0
282,C0043094,1,0,0,0,0
283,C0233479,1,0,0,0,0
285,C0009806,1,0,0,0,0
287,C0012833,1,0,0,0,0
287,C0557875,1,0,0,0,0
288,C0003467,1,0,0,0,0
288,C0015672,1,0,0,0,0
289,C0027497,1,0,0,0,0
290,C0027497,1,0,0,0,0
290,C0003467,1,0,0,0,0
290,C0438696,1,0,0,0,0
290,C0040822,1,0,0,0,0
290,C0036341,1,0,0,0,0
290,C0038661,1,0,0,0,0
291,C0003467,1,0,0,0,0
291,C0233794,1,0,0,0,0
293,C0557875,1,0,0,0,0
294,C0028643,1,0,0,0,0
295,C0028084,1,0,0,0,0
295,C0024031,0,0,1,0,0
296,C0344232,1,0,0,0,0
299,C0009806,1,0,0,0,0
301,C1971624,1,0,0,0,0
301,C0586746,0,0,1,0,0
301,C2364087,0,0,1,0,0
302,C0028643,1,0,0,0,0
304,C0000765,0,0,1,0,0
304,C0043094,1,0,0,0,0
305,C0016770,1,0,0,0,0
305,C0021177,1,0,0,0,0
306,C0425082,0,0,1,0,0
307,C0000765,0,0,1,0,0
307,C0043094,1,0,0,0,0
309,C0027497,1,0,0,0,0
309,C0013144,1,0,0,0,0
310,C0003467,1,0,0,0,0
310,C3887611,1,0,0,0,0
315,C0012833,1,0,0,0,0
315,C0424336,0,0,1,0,0
315,C0028643,1,0,0,0,0
315,C0232462,1,0,0,0,0
315,C0424558,1,0,0,0,0
315,C0522165,1,0,0,0,0
315,C0239832,1,0,0,0,0
315,C0587054,0,0,1,0,0
316,C0557875,1,0,0,0,0
317,C0242350,1,0,0,0,0
320,C0043387,1,0,0,0,0
323,C0424091,0,0,1,0,0
323,C0582093,0,0,1,0,0
324,C0583786,0,0,1,0,0
327,C0009806,1,0,0,0,0
328,C0028643,1,0,0,0,0
328,C0239511,0,0,1,0,0
328,C0587054,0,0,1,0,0
329,C0028643,1,0,0,0,0
329,C0587054,0,0,1,0,0
330,C0028643,1,0,0,0,0
331,C0018681,1,0,0,0,0
331,C0028081,1,0,0,0,0
331,C0038990,1,0,0,0,0
331,C0151908,1,0,0,0,0
331,C0277960,1,0,0,0,0
331,C3672010,1,0,0,0,0
331,C0235050,0,1,0,0,0
331,C0522057,0,0,1,0,0
332,C0018681,1,0,0,0,0
332,C0344315,1,0,0,0,0
332,C0015672,1,0,0,0,0
332,C0557875,1,0,0,0,0
332,C0030193,1,0,0,0,0
332,C0423684,0,0,1,0,0
332,C0004604,0,0,1,0,0
332,C0008031,1,0,0,0,0
332,C0024031,0,0,1,0,0
332,C0023222,0,0,1,0,0
332,C0564821,0,0,1,0,0
332,C0694551,0,0,1,0,0
332,C0423636,0,0,1,0,0
334,C0554978,1,0,0,0,0
337,C1971624,1,0,0,0,0
337,C0018681,1,0,0,0,0
337,C0015672,1,0,0,0,0
337,C0030193,1,0,0,0,0
337,C0030252,1,0,0,0,0
337,C0013604,1,0,0,0,0
337,C0016053,1,0,0,0,0
337,C2141086,0,0,1,0,0
337,C0241705,0,0,1,0,0
337,C0236000,1,0,0,0,0
338,C0000765,0,0,1,0,0
338,C1971624,1,0,0,0,0
338,C0043094,1,0,0,0,0
338,C0586746,0,0,1,0,0
338,C1562291,0,0,1,0,0
338,C0424158,0,0,1,0,0
339,C0018681,1,0,0,0,0
340,C0028084,1,0,0,0,0
341,C0424444,1,0,0,0,0
342,C0002957,1,0,0,0,0
344,C0003467,1,0,0,0,0
345,C0000765,0,0,1,0,0
345,C0043094,1,0,0,0,0
345,C0028081,1,0,0,0,0
345,C0038990,1,0,0,0,0
345,C0043387,1,0,0,0,0
345,C0586746,0,0,1,0,0
345,C1262477,1,0,0,0,0
346,C0027497,1,0,0,0,0
347,C0012833,1,0,0,0,0
347,C0043387,1,0,0,0,0
356,C0043387,1,0,0,0,0
358,C0002957,1,0,0,0,0
358,C0235169,1,0,0,0,0
360,C0235169,1,0,0,0,0
361,C0000765,0,0,1,0,0
361,C0043094,1,0,0,0,0
361,C0700590,1,0,0,0,0
361,C0497247,0,0,1,0,0
361,C0038990,1,0,0,0,0
361,C0232461,1,0,0,0,0
361,C0558127,0,0,1,0,0
362,C0000765,0,0,1,0,0
362,C0043094,1,0,0,0,0
364,C0556385,0,1,0,0,0
365,C0038990,1,0,0,0,0
367,C0038990,1,0,0,0,0
372,C0013144,1,0,0,0,0
374,C0000765,0,0,1,0,0
374,C0043094,1,0,0,0,0
374,C0425101,0,1,0,0,0
374,C0578026,0,0,1,0,0
376,C0000765,0,0,1,0,0
376,C0043094,1,0,0,0,0
376,C1262477,1,0,0,0,0
377,C0232461,1,0,0,0,0
379,C0018681,1,0,0,0,0
380,C0043387,1,0,0,0,0
382,C0027497,1,0,0,0,0
382,C1971624,1,0,0,0,0
382,C0018681,1,0,0,0,0
382,C0234369,1,0,0,0,0
383,C0557875,1,0,0,0,0
384,C0028084,1,0,0,0,0
387,C0556385,1,0,0,0,0
388,C0028643,1,0,0,0,0
389,C0701811,1,0,0,0,0
389,C0558078,1,0,0,0,0
390,C0028643,1,0,0,0,0
390,C0235108,0,0,1,0,0
390,C0587054,0,0,1,0,0
393,C0557875,1,0,0,0,0
394,C0000765,0,0,1,0,0
394,C0043094,1,0,0,0,0
394,C0015672,1,0,0,0,0
394,C0231247,0,0,1,0,0
399,C0000765,0,0,1,0,0
399,C0043094,1,0,0,0,0
400,C0030193,1,0,0,0,0
400,C0423684,0,0,1,0,0
400,C0004604,1,0,0,0,0
400,C0024031,0,0,1,0,0
400,C0023222,0,0,1,0,0
401,C0013144,1,0,0,0,0
402,C0028081,1,0,0,0,0
402,C0038990,1,0,0,0,0
403,C0013144,1,0,0,0,0
403,C0425101,0,0,1,0,0
404,C0028081,1,0,0,0,0
404,C0038990,1,0,0,0,0
405,C0000765,0,0,1,0,0
405,C0043094,1,0,0,0,0
405,C0018681,1,0,0,0,0
405,C0015672,1,0,0,0,0
405,C0022104,0,0,1,0,0
406,C0234019,0,0,1,0,0
407,C0033893,0,0,1,0,0
407,C0018681,1,0,0,0,0
407,C0425101,0,0,1,0,0
409,C0424000,1,0,0,0,0
409,C0438696,1,0,0,0,0
409,C0038661,1,0,0,0,0
412,C0027497,1,0,0,0,0
412,C0028084,1,0,0,0,0
414,C0028081,1,0,0,0,0
414,C0038990,1,0,0,0,0
415,C0028081,1,0,0,0,0
415,C0038990,1,0,0,0,0
418,C0149931,1,0,0,0,0
418,C0018681,1,0,0,0,0
420,C0027497,1,0,0,0,0
420,C1971624,1,0,0,0,0
420,C0012833,1,0,0,0,0
420,C0018681,1,0,0,0,0
420,C0586746,0,0,1,0,0
420,C0232461,1,0,0,0,0
420,C0002957,1,0,0,0,0
421,C0027497,1,0,0,0,0
421,C0003467,1,0,0,0,0
421,C0497247,0,0,1,0,0
421,C0018834,1,0,0,0,0
422,C0000765,0,0,1,0,0
422,C0043094,1,0,0,0,0
422,C0043387,1,0,0,0,0
423,C0000765,0,0,1,0,0
423,C0043094,1,0,0,0,0
424,C0027497,1,0,0,0,0
424,C0012833,1,0,0,0,0
424,C0018681,1,0,0,0,0
427,C0424444,1,0,0,0,0
427,C0392674,1,0,0,0,0
429,C0392674,1,0,0,0,0
429,C0583786,0,0,1,0,0
430,C0000765,0,0,1,0,0
430,C0043094,1,0,0,0,0
430,C0231247,0,0,1,0,0
430,C0578026,0,0,1,0,0
431,C0023380,1,0,0,0,0
436,C0027497,1,0,0,0,0
436,C0235309,1,0,0,0,0
438,C0027497,1,0,0,0,0
438,C1971624,1,0,0,0,0
440,C0027497,1,0,0,0,0
441,C0027497,1,0,0,0,0
441,C0522165,1,0,0,0,0
442,C0024517,1,0,0,0,0
442,C0582093,1,0,0,0,0
443,C0701811,0,0,1,0,0
443,C0027497,1,0,0,0,0
443,C0012833,1,0,0,0,0
443,C0231530,1,0,0,0,0
443,C0149931,1,0,0,0,0
443,C0701810,0,0,1,0,0
443,C0233408,0,1,0,0,0
443,C0151786,0,0,1,0,0
443,C0424336,0,0,1,0,0
443,C0043387,1,0,0,0,0
443,C0040822,1,0,0,0,0
443,C0011991,1,0,0,0,0
443,C0085593,1,0,0,0,0
443,C0233407,1,0,0,0,0
443,C0583786,0,0,1,0,0
443,C0850674,1,0,0,0,0
443,C0239882,1,0,0,0,0
446,C0000765,0,0,1,0,0
446,C0003467,1,0,0,0,0
446,C0043094,1,0,0,0,0
447,C0012833,1,0,0,0,0
447,C0043387,1,0,0,0,0
449,C0231303,1,0,0,0,0
450,C0000765,0,0,1,0,0
450,C0043094,1,0,0,0,0
450,C0005911,1,0,0,0,0
451,C0000765,0,0,1,0,0
451,C0043094,1,0,0,0,0
453,C0015672,1,0,0,0,0
456,C1971624,1,0,0,0,0
457,C0027497,1,0,0,0,0
459,C0000765,0,0,1,0,0
459,C0043094,1,0,0,0,0
459,C0015672,1,0,0,0,0
459,C0557875,1,0,0,0,0
459,C0424336,0,0,1,0,0
459,C0043387,1,0,0,0,0
459,C0586746,0,0,1,0,0
459,C0241705,0,0,1,0,0
460,C0000765,0,0,1,0,0
460,C0043094,1,0,0,0,0
460,C0015672,1,0,0,0,0
460,C0586746,0,0,1,0,0
461,C0013144,1,0,0,0,0
462,C0018681,1,0,0,0,0
462,C0033774,1,0,0,0,0
463,C0027497,1,0,0,0,0
463,C0012833,1,0,0,0,0
463,C0041755,0,0,1,0,0
464,C0027497,1,0,0,0,0
464,C0149931,1,0,0,0,0
464,C0030318,1,0,0,0,0
465,C0520947,0,0,1,0,0
466,C0000765,0,0,1,0,0
466,C0043094,1,0,0,0,0
466,C0015672,1,0,0,0,0
466,C0009806,1,0,0,0,0
466,C0522165,0,0,1,0,0
468,C0027497,1,0,0,0,0
468,C0040822,1,0,0,0,0
470,C0237314,0,0,1,0,0
470,C0011057,1,0,0,0,0
471,C0038990,1,0,0,0,0
472,C0438697,1,0,0,0,0
472,C0522165,0,0,1,0,0
472,C0010399,1,0,0,0,0
473,C0000765,0,0,1,0,0
473,C0043094,1,0,0,0,0
473,C0018681,1,0,0,0,0
473,C0015672,1,0,0,0,0
474,C0000765,0,0,1,0,0
474,C0043094,1,0,0,0,0
474,C0231247,0,0,1,0,0
475,C0038990,1,0,0,0,0
476,C1971624,0,1,0,0,0
481,C0558127,0,0,1,0,0
481,C2939147,0,0,1,0,0
484,C0015672,1,0,0,0,0
485,C0700590,1,0,0,0,0
485,C0497247,0,0,1,0,0
485,C0038990,1,0,0,0,0
485,C0011991,1,0,0,0,0
486,C0038990,1,0,0,0,0
486,C0011991,1,0,0,0,0
487,C0018681,1,0,0,0,0
487,C0015672,1,0,0,0,0
488,C0027497,1,0,0,0,0
488,C0043387,1,0,0,0,0
489,C0241705,0,0,1,0,0
489,C0582140,0,0,1,0,0
489,C0424158,0,0,1,0,0
489,C0582141,1,0,0,0,0
490,C0028081,1,0,0,0,0
490,C0038990,1,0,0,0,0
492,C0003467,1,0,0,0,0
492,C0233494,1,0,0,0,0
492,C0424336,0,0,1,0,0
492,C0235108,1,0,0,0,0
494,C0028081,1,0,0,0,0
494,C0038990,1,0,0,0,0
496,C0003467,1,0,0,0,0
496,C0012833,1,0,0,0,0
496,C0438697,1,0,0,0,0
496,C0010399,1,0,0,0,0
499,C0000765,0,0,1,0,0
499,C0043094,1,0,0,0,0
499,C0554980,1,0,0,0,0
500,C0015672,1,0,0,0,0
501,C1971624,1,0,0,0,0
502,C0009806,1,0,0,0,0
505,C0003467,1,0,0,0,0
505,C0024517,1,0,0,0,0
506,C0701811,0,0,1,0,0
506,C0028081,1,0,0,0,0
506,C0038990,1,0,0,0,0
506,C0235309,1,0,0,0,0
507,C0000765,0,0,1,0,0
507,C0003467,1,0,0,0,0
507,C0043094,1,0,0,0,0
508,C0917801,1,0,0,0,0
508,C0043387,1,0,0,0,0
512,C0003467,1,0,0,0,0
512,C0917801,1,0,0,0,0
512,C0232461,1,0,0,0,0
513,C0012833,1,0,0,0,0
513,C0018681,1,0,0,0,0
514,C0018681,1,0,0,0,0
515,C0000765,0,0,1,0,0
515,C0043094,1,0,0,0,0
518,C0030252,1,0,0,0,0
523,C0027497,1,0,0,0,0
523,C0344232,1,0,0,0,0
523,C0042571,1,0,0,0,0
523,C0497247,0,0,1,0,0
523,C0018681,1,0,0,0,0
523,C4075722,0,0,1,0,0
523,C0030193,1,0,0,0,0
523,C0009806,1,0,0,0,0
523,C0236000,1,0,0,0,0
524,C0000765,0,0,1,0,0
524,C0043094,1,0,0,0,0
525,C1971624,1,0,0,0,0
526,C0085632,1,0,0,0,0
529,C0000765,0,0,1,0,0
529,C0043094,1,0,0,0,0
531,C0015672,1,0,0,0,0
531,C0030193,1,0,0,0,0
534,C0438697,1,0,0,0,0
534,C0010399,1,0,0,0,0
538,C0038990,1,0,0,0,0
539,C0038990,1,0,0,0,0
540,C0000765,0,0,1,0,0
540,C0043094,1,0,0,0,0
540,C0542476,1,0,0,0,0
540,C0586746,0,0,1,0,0
542,C0000765,0,0,1,0,0
542,C0043094,1,0,0,0,0
543,C0024031,0,0,1,0,0
544,C0028081,1,0,0,0,0
544,C0038990,1,0,0,0,0
545,C0000765,0,0,1,0,0
545,C0043094,1,0,0,0,0
546,C2364087,0,0,1,0,0
546,C0241705,0,0,1,0,0
548,C0086769,1,0,0,0,0
548,C0028081,1,0,0,0,0
548,C0030318,1,0,0,0,0
548,C0038990,1,0,0,0,0
548,C0424095,0,0,1,0,0
550,C0000765,0,0,1,0,0
550,C0012833,1,0,0,0,0
550,C0043094,1,0,0,0,0
552,C0000765,0,0,1,0,0
552,C0043094,1,0,0,0,0
556,C0003467,1,0,0,0,0
557,C0003467,1,0,0,0,0
557,C0018681,1,0,0,0,0
557,C0235309,1,0,0,0,0
558,C0000765,0,0,1,0,0
558,C0043094,1,0,0,0,0
560,C0027497,1,0,0,0,0
561,C0028081,1,0,0,0,0
561,C0038990,1,0,0,0,0
562,C0015672,1,0,0,0,0
562,C0028081,1,0,0,0,0
562,C0038990,1,0,0,0,0
562,C0522165,0,0,1,0,0
562,C0558127,0,0,1,0,0
562,C0582051,1,0,0,0,0
563,C0015672,1,0,0,0,0
563,C0028081,1,0,0,0,0
563,C0038990,1,0,0,0,0
564,C0586746,0,0,1,0,0
565,C0015672,1,0,0,0,0
566,C0003467,1,0,0,0,0
566,C0231403,1,0,0,0,0
570,C0917801,1,0,0,0,0
570,C1821572,0,0,1,0,0
574,C0000765,0,0,1,0,0
574,C0043094,1,0,0,0,0
575,C0000765,0,0,1,0,0
575,C0043094,1,0,0,0,0
575,C0015672,1,0,0,0,0
575,C0231247,0,0,1,0,0
575,C0232937,0,0,1,0,0
577,C0027497,1,0,0,0,0
577,C0012833,1,0,0,0,0
578,C0000765,0,0,1,0,0
578,C0043094,1,0,0,0,0
582,C0000765,0,0,1,0,0
582,C0043094,1,0,0,0,0
583,C0701811,0,0,1,0,0
583,C0497247,0,0,1,0,0
583,C0232462,1,0,0,0,0
583,C0232461,1,0,0,0,0
583,C0028084,1,0,0,0,0
583,C0455769,1,0,0,0,0
585,C0520947,0,0,1,0,0
585,C0028081,1,0,0,0,0
585,C0038990,1,0,0,0,0
585,C0040822,1,0,0,0,0
589,C0005586,1,0,0,0,0
590,C0438696,1,0,0,0,0
590,C0038661,1,0,0,0,0
591,C0086769,1,0,0,0,0
591,C0030318,1,0,0,0,0
592,C0015726,1,0,0,0,0
593,C0003467,1,0,0,0,0
596,C0011991,1,0,0,0,0
600,C0000765,0,0,1,0,0
600,C0043094,1,0,0,0,0
603,C0438696,1,0,0,0,0
603,C0038661,1,0,0,0,0
605,C0000765,0,0,1,0,0
605,C0086769,1,0,0,0,0
605,C0003467,1,0,0,0,0
605,C0043094,1,0,0,0,0
605,C0018681,1,0,0,0,0
605,C0030318,1,0,0,0,0
605,C0700031,1,0,0,0,0
606,C0040822,1,0,0,0,0
607,C0522165,0,0,1,0,0
608,C0000765,0,0,1,0,0
608,C0043094,1,0,0,0,0
608,C0030193,1,0,0,0,0
608,C0278140,1,0,0,0,0
608,C0008031,1,0,0,0,0
608,C0016053,1,0,0,0,0
608,C0423636,0,0,1,0,0
610,C0030193,1,0,0,0,0
610,C0278140,1,0,0,0,0
610,C0008031,1,0,0,0,0
610,C0423636,0,0,1,0,0
614,C0424336,0,0,1,0,0
616,C0701811,0,0,1,0,0
616,C0030193,1,0,0,0,0
616,C0016053,1,0,0,0,0
620,C0030252,1,0,0,0,0
620,C0019993,1,0,0,0,0
621,C0549622,1,0,0,0,0
623,C0000765,0,0,1,0,0
623,C0424000,0,0,1,0,0
623,C0012833,1,0,0,0,0
623,C0043094,1,0,0,0,0
623,C0438696,1,0,0,0,0
623,C0040822,1,0,0,0,0
623,C0038661,1,0,0,0,0
624,C0150084,0,0,1,0,0
624,C0036104,1,0,0,0,0
627,C0019993,1,0,0,0,0
628,C0438696,1,0,0,0,0
628,C1760428,0,0,1,0,0
628,C0038661,1,0,0,0,0
629,C0701810,0,0,1,0,0
629,C0021167,1,0,0,0,0
630,C0000765,0,0,1,0,0
630,C0043094,1,0,0,0,0
630,C0018681,1,0,0,0,0
630,C0015672,1,0,0,0,0
630,C0028081,1,0,0,0,0
630,C0038990,1,0,0,0,0
630,C0040822,1,0,0,0,0
632,C0438696,1,0,0,0,0
632,C0038661,1,0,0,0,0
633,C0438696,1,0,0,0,0
633,C0038661,1,0,0,0,0
635,C0547030,1,0,0,0,0
635,C0581879,0,0,1,0,0
636,C0003467,1,0,0,0,0
639,C0043387,1,0,0,0,0
642,C0000765,0,0,1,0,0
642,C0043094,1,0,0,0,0
642,C0018681,1,0,0,0,0
642,C0028081,1,0,0,0,0
642,C0038990,1,0,0,0,0
642,C0040822,1,0,0,0,0
643,C0086769,1,0,0,0,0
643,C0003467,1,0,0,0,0
643,C0012833,1,0,0,0,0
643,C0030318,1,0,0,0,0
643,C0231247,0,0,1,0,0
643,C0700031,1,0,0,0,0
644,C0011991,1,0,0,0,0
645,C0038990,1,0,0,0,0
646,C0027497,1,0,0,0,0
649,C0003467,1,0,0,0,0
649,C0554978,1,0,0,0,0
651,C0028084,1,0,0,0,0
652,C0018524,1,0,0,0,0
652,C0233762,1,0,0,0,0
653,C0424444,1,0,0,0,0
653,C0018681,1,0,0,0,0
655,C0149931,1,0,0,0,0
656,C0038990,1,0,0,0,0
656,C0085602,0,0,1,0,0
658,C0038990,1,0,0,0,0
658,C0028643,1,0,0,0,0
660,C0586746,0,0,1,0,0
660,C0028084,1,0,0,0,0
660,C0241729,1,0,0,0,0
662,C0028084,1,0,0,0,0
663,C0150079,0,0,1,0,0
664,C1262477,1,0,0,0,0
666,C0043387,1,0,0,0,0
666,C0560617,1,0,0,0,0
667,C0022107,1,0,0,0,0
670,C0027497,1,0,0,0,0
670,C0011991,1,0,0,0,0
670,C0014724,1,0,0,0,0
671,C0000765,0,0,1,0,0
671,C0043094,1,0,0,0,0
673,C0549622,1,0,0,0,0
676,C0231528,1,0,0,0,0
676,C0233494,1,0,0,0,0
676,C0030193,1,0,0,0,0
676,C0427195,1,0,0,0,0
676,C0236000,1,0,0,0,0
678,C0018681,1,0,0,0,0
678,C0557875,1,0,0,0,0
679,C0003467,1,0,0,0,0
679,C0438697,1,0,0,0,0
679,C0002957,1,0,0,0,0
679,C0010399,1,0,0,0,0
684,C0438696,1,0,0,0,0
684,C0038661,1,0,0,0,0
685,C0235198,1,0,0,0,0
685,C0423994,0,0,1,0,0
689,C0438696,1,0,0,0,0
689,C0038661,1,0,0,0,0
690,C0344232,1,0,0,0,0
690,C0003467,1,0,0,0,0
690,C0018681,1,0,0,0,0
690,C0023380,1,0,0,0,0
690,C0037317,1,0,0,0,0
690,C0028084,1,0,0,0,0
690,C0231303,1,0,0,0,0
690,c0037317,1,0,0,0,0
691,C0027497,1,0,0,0,0
691,C1971624,1,0,0,0,0
691,C0003467,1,0,0,0,0
691,C0018834,1,0,0,0,0
691,C0586746,0,0,1,0,0
691,C0011991,1,0,0,0,0
691,C0232461,1,0,0,0,0
691,C0850674,1,0,0,0,0
692,C0000765,0,0,1,0,0
692,C0043094,1,0,0,0,0
693,C0000765,0,0,1,0,0
693,C0043094,1,0,0,0,0
694,C0557875,1,0,0,0,0
694,C0043387,1,0,0,0,0
696,C0018681,1,0,0,0,0
696,C0030193,1,0,0,0,0
696,C0028643,1,0,0,0,0
696,C0007859,1,0,0,0,0
696,C2141086,1,0,0,0,0
696,C0239511,1,0,0,0,0
696,C0239832,1,0,0,0,0
696,C0151315,1,0,0,0,0
696,C0241042,1,0,0,0,0
696,C0564820,1,0,0,0,0
696,C0023222,0,0,1,0,0
696,C0239833,1,0,0,0,0
696,C0239377,0,0,1,0,0
697,C0003467,1,0,0,0,0
699,C0030193,1,0,0,0,0
699,C2141086,0,0,1,0,0
699,C0564820,1,0,0,0,0
699,C0023222,0,0,1,0,0
699,C0239377,0,0,1,0,0
701,C0003467,1,0,0,0,0
702,C0003467,1,0,0,0,0
703,C0000765,0,0,1,0,0
703,C0043094,1,0,0,0,0
703,C0018681,1,0,0,0,0
703,C0586746,0,0,1,0,0
704,C0018681,1,0,0,0,0
704,C0231303,1,0,0,0,0
704,C0036572,1,0,0,0,0
705,C0424117,1,0,0,0,0
705,C0018524,1,0,0,0,0
705,C0554980,1,0,0,0,0
705,C0455769,1,0,0,0,0
706,C0438696,1,0,0,0,0
706,C0019993,1,0,0,0,0
706,C0029944,1,0,0,0,0
706,C0424366,1,0,0,0,0
706,C0563168,0,0,1,0,0
706,C0522178,1,0,0,0,0
706,C0038661,1,0,0,0,0
707,C0018681,1,0,0,0,0
707,C0392171,0,0,1,0,0
708,C1971624,1,0,0,0,0
708,C0003467,1,0,0,0,0
708,C0497247,0,0,1,0,0
708,C0232461,1,0,0,0,0
709,C0000765,0,0,1,0,0
709,C0043094,1,0,0,0,0
709,C0037763,1,0,0,0,0
709,C0231528,1,0,0,0,0
709,C0030193,1,0,0,0,0
709,C0028643,1,0,0,0,0
709,C0018524,1,0,0,0,0
709,C0423684,0,0,1,0,0
709,C0004604,1,0,0,0,0
709,C0024031,0,0,1,0,0
709,C0239832,0,1,0,0,0
709,C0026821,0,0,1,0,0
709,C0239833,1,0,0,0,0
716,C0018681,1,0,0,0,0
716,C0424336,0,0,1,0,0
716,C0522165,0,0,1,0,0
717,C0425101,1,0,0,0,0
717,C0425082,0,0,1,0,0
718,C0011991,1,0,0,0,0
720,C0557875,1,0,0,0,0
720,C0424336,0,0,1,0,0
726,C0027497,1,0,0,0,0
726,C1971624,1,0,0,0,0
726,C0586746,0,0,1,0,0
726,C0232461,1,0,0,0,0
726,C3887611,1,0,0,0,0
727,C0424336,0,0,1,0,0
729,C0000765,0,0,1,0,0
729,C0012833,1,0,0,0,0
729,C0043094,1,0,0,0,0
729,C0018681,1,0,0,0,0
729,C0015672,1,0,0,0,0
729,C0232462,0,1,0,0,0
729,C0232461,1,0,0,0,0
729,C1262477,1,0,0,0,0
729,C0021177,1,0,0,0,0
730,C0003467,1,0,0,0,0
731,C0015672,1,0,0,0,0
732,C0012833,1,0,0,0,0
732,C0857087,0,0,1,0,0
735,C0557875,1,0,0,0,0
735,C0424336,0,0,1,0,0
735,C0020175,1,0,0,0,0
736,C0344375,1,0,0,0,0
738,C0556385,1,0,0,0,0
739,C0027497,1,0,0,0,0
740,C0043387,1,0,0,0,0
741,C0011991,1,0,0,0,0
743,C0582093,0,0,1,0,0
744,C0011991,1,0,0,0,0
745,C0018681,1,0,0,0,0
748,C0027497,1,0,0,0,0
748,C1971624,1,0,0,0,0
748,C0917801,1,0,0,0,0
748,C0012833,1,0,0,0,0
748,C0456820,0,0,1,0,0
748,C0023380,1,0,0,0,0
750,C0522165,0,0,1,0,0
751,C0036104,1,0,0,0,0
759,C1971624,1,0,0,0,0
759,C0012833,1,0,0,0,0
761,C0012833,1,0,0,0,0
762,C0012833,1,0,0,0,0
764,C0012833,1,0,0,0,0
765,C0000765,0,0,1,0,0
765,C0043094,1,0,0,0,0
767,C0000765,0,0,1,0,0
767,C0043094,1,0,0,0,0
767,C0231247,0,0,1,0,0
768,C0231247,0,0,1,0,0
770,C0003467,1,0,0,0,0
770,C3887611,1,0,0,0,0
770,C1456784,1,0,0,0,0
770,C0035258,1,0,0,0,0
771,C0000765,0,0,1,0,0
771,C0043094,1,0,0,0,0
771,C0149931,1,0,0,0,0
771,C0235169,1,0,0,0,0
772,C0003467,1,0,0,0,0
774,C0424000,1,0,0,0,0
774,C0018681,1,0,0,0,0
774,C0085633,1,0,0,0,0
774,C0438696,1,0,0,0,0
774,C0002957,1,0,0,0,0
774,C0038661,1,0,0,0,0
775,C0018681,1,0,0,0,0
775,C0030193,1,0,0,0,0
777,C0028084,1,0,0,0,0
778,C0702166,1,0,0,0,0
779,C0702166,1,0,0,0,0
780,C0000765,0,0,1,0,0
780,C0549622,1,0,0,0,0
780,C0043094,1,0,0,0,0
780,C0015672,1,0,0,0,0
780,C0522058,1,0,0,0,0
780,C0013473,1,0,0,0,0
781,C0425082,1,0,0,0,0
782,C0000765,0,0,1,0,0
782,C0043094,1,0,0,0,0
782,C0037317,1,0,0,0,0
782,C0586746,0,0,1,0,0
782,c0037317,1,0,0,0,0
785,C0009806,1,0,0,0,0
788,C0586746,0,0,1,0,0
789,C0038990,1,0,0,0,0
790,C2129214,1,0,0,0,0
791,C0030318,1,0,0,0,0
792,C0028643,1,0,0,0,0
792,C0235050,0,1,0,0,0
792,C0522057,0,1,0,0,0
794,C0015672,1,0,0,0,0
794,C0043387,1,0,0,0,0
794,C0085593,1,0,0,0,0
795,C0085593,1,0,0,0,0
798,C0557875,1,0,0,0,0
799,C0438696,1,0,0,0,0
799,C0038661,1,0,0,0,0
802,C0000765,0,0,1,0,0
802,C0043094,1,0,0,0,0
803,C0000765,0,0,1,0,0
803,C0043094,1,0,0,0,0
803,C0578026,0,0,1,0,0
806,C0027497,1,0,0,0,0
810,C0043387,1,0,0,0,0
811,C0558127,0,0,1,0,0
813,C0012833,1,0,0,0,0
813,C0438696,1,0,0,0,0
813,C0554980,1,0,0,0,0
813,C0038661,1,0,0,0,0
814,C0003467,1,0,0,0,0
814,C0012833,1,0,0,0,0
816,C0497247,0,0,1,0,0
816,C0554980,1,0,0,0,0
816,C0522165,0,0,1,0,0
818,C0497247,0,0,1,0,0
819,C0012833,1,0,0,0,0
822,C0027497,1,0,0,0,0
822,C0012833,1,0,0,0,0
822,C0011057,1,0,0,0,0
823,C0586746,0,0,1,0,0
824,C0232462,0,1,0,0,0
827,C0425082,0,0,1,0,0
828,C0027497,1,0,0,0,0
828,C0012833,1,0,0,0,0
829,C0554980,1,0,0,0,0
831,C0012833,1,0,0,0,0
831,C0557875,1,0,0,0,0
836,C0028643,1,0,0,0,0
836,C0018379,1,0,0,0,0
836,C0587054,0,0,1,0,0
840,C0003467,1,0,0,0,0
840,C0700590,1,0,0,0,0
840,C0038990,1,0,0,0,0
841,C0700590,1,0,0,0,0
841,C0038990,1,0,0,0,0
841,C0021177,1,0,0,0,0
843,C0542476,1,0,0,0,0
844,C0027497,1,0,0,0,0
844,C0344232,1,0,0,0,0
844,C0042571,1,0,0,0,0
844,C0425083,0,0,1,0,0
844,C0701810,0,0,1,0,0
844,C0438696,1,0,0,0,0
844,C0542313,0,0,1,0,0
844,C0038663,1,0,0,0,0
844,C0395016,1,0,0,0,0
844,C2018018,1,0,0,0,0
844,C0233660,1,0,0,0,0
844,C0234655,0,0,1,0,0
844,C0038661,1,0,0,0,0
855,C0003467,1,0,0,0,0
857,C0027497,1,0,0,0,0
857,C0028081,1,0,0,0,0
857,C0023380,1,0,0,0,0
857,C0038990,1,0,0,0,0
857,C0558127,0,0,1,0,0
858,C0085632,1,0,0,0,0
858,C0557875,1,0,0,0,0
858,C0424336,0,0,1,0,0
859,C0028081,1,0,0,0,0
859,C0038990,1,0,0,0,0
861,C0000765,0,0,1,0,0
861,C0043094,1,0,0,0,0
861,C0542476,1,0,0,0,0
861,C0586746,0,0,1,0,0
862,C0557875,1,0,0,0,0
864,C0549622,1,0,0,0,0
864,C0557875,1,0,0,0,0
866,C0012833,1,0,0,0,0
866,C0028081,1,0,0,0,0
866,C0038990,1,0,0,0,0
866,C0043387,1,0,0,0,0
866,C0011124,1,0,0,0,0
866,C0241705,0,0,1,0,0
867,C0557875,1,0,0,0,0
868,C0424336,0,0,1,0,0
868,C0234019,0,0,1,0,0
873,C0027497,1,0,0,0,0
873,C0917801,1,0,0,0,0
873,C0231530,1,0,0,0,0
876,C0000765,0,0,1,0,0
876,C0043094,1,0,0,0,0
877,C0000765,0,0,1,0,0
877,C0043094,1,0,0,0,0
878,C0581879,0,0,1,0,0
879,C0438697,1,0,0,0,0
879,C0234019,0,0,1,0,0
879,C0024031,0,0,1,0,0
879,C0010399,1,0,0,0,0
883,C0542313,0,0,1,0,0
886,C0234019,0,0,1,0,0
888,C0586746,0,0,1,0,0
889,C0424091,1,0,0,0,0
890,C0000765,0,0,1,0,0
890,C0043094,1,0,0,0,0
890,C0241705,0,0,1,0,0
892,C0012833,1,0,0,0,0
892,C0015672,1,0,0,0,0
892,C0586746,0,0,1,0,0
892,C1262477,1,0,0,0,0
893,C0012833,1,0,0,0,0
895,C0028643,1,0,0,0,0
895,C0587054,0,0,1,0,0
897,C0027497,1,0,0,0,0
897,C0586746,0,0,1,0,0
898,C0038990,1,0,0,0,0
898,C0028084,1,0,0,0,0
899,C0028084,1,0,0,0,0
900,C0000765,0,0,1,0,0
900,C0043094,1,0,0,0,0
901,C0000765,0,0,1,0,0
901,C0043094,1,0,0,0,0
902,C0233754,1,0,0,0,0
902,C0011551,1,0,0,0,0
903,C0018681,1,0,0,0,0
903,C3887611,1,0,0,0,0
904,C0013144,1,0,0,0,0
907,C0000765,0,0,1,0,0
907,C0043094,1,0,0,0,0
908,C0000765,0,0,1,0,0
908,C0043094,1,0,0,0,0
909,C0000765,0,0,1,0,0
909,C0043094,1,0,0,0,0
910,C2981158,1,0,0,0,0
910,C0424444,1,0,0,0,0
912,C1443924,1,0,0,0,0
912,C0011991,1,0,0,0,0
913,C0011991,1,0,0,0,0
914,C0027497,1,0,0,0,0
916,C0455769,1,0,0,0,0
918,C0027497,1,0,0,0,0
918,C0038990,1,0,0,0,0
918,C0009806,1,0,0,0,0
919,C0020175,1,0,0,0,0
919,C0438697,1,0,0,0,0
919,C0542313,0,0,1,0,0
919,C0578994,0,0,1,0,0
919,C0010399,1,0,0,0,0
919,C0423564,0,0,1,0,0
920,C0393760,1,0,0,0,0
921,C0701810,0,0,1,0,0
921,C0015672,1,0,0,0,0
922,C0701810,0,0,1,0,0
922,C0038990,1,0,0,0,0
923,C0003467,1,0,0,0,0
923,C0030318,1,0,0,0,0
928,C0003467,1,0,0,0,0
928,C0700031,1,0,0,0,0
928,C3887611,1,0,0,0,0
928,C0522179,0,0,1,0,0
928,C0035258,1,0,0,0,0
929,C0015672,1,0,0,0,0
929,C0557875,1,0,0,0,0
929,C0036104,1,0,0,0,0
931,C0003467,1,0,0,0,0
931,C0700031,1,0,0,0,0
931,C0522179,0,0,1,0,0
932,C0424336,0,0,1,0,0
932,C2939147,1,0,0,0,0
933,C0701811,0,0,1,0,0
941,C0027497,1,0,0,0,0
941,C0018681,1,0,0,0,0
943,C0013144,1,0,0,0,0
944,C0027497,1,0,0,0,0
944,C0018681,1,0,0,0,0
947,C0013144,1,0,0,0,0
948,C1821572,0,0,1,0,0
948,C0024031,0,0,1,0,0
949,C0000765,0,0,1,0,0
949,C0043094,1,0,0,0,0
950,C0027497,1,0,0,0,0
950,C0040822,1,0,0,0,0
951,C0701810,0,0,1,0,0
951,C0438697,1,0,0,0,0
951,C0010399,1,0,0,0,0
952,C0438697,1,0,0,0,0
952,C0010399,1,0,0,0,0
954,C0040822,1,0,0,0,0
954,C0028643,1,0,0,0,0
954,C0239832,1,0,0,0,0
954,C0587054,0,0,1,0,0
955,C0027497,1,0,0,0,0
955,C0086769,1,0,0,0,0
955,C0012833,1,0,0,0,0
955,C0149931,1,0,0,0,0
955,C0497247,0,0,1,0,0
955,C0018681,1,0,0,0,0
955,C0542476,1,0,0,0,0
955,C0030318,1,0,0,0,0
955,C0586746,0,0,1,0,0
955,C0009806,1,0,0,0,0
955,C0231247,0,0,1,0,0
955,C0022107,1,0,0,0,0
955,C0011991,1,0,0,0,0
955,C1262477,1,0,0,0,0
955,C0021177,1,0,0,0,0
955,C2364087,0,0,1,0,0
955,C0026603,1,0,0,0,0
955,C0557883,0,0,1,0,0
956,C0000765,0,0,1,0,0
956,C0043094,1,0,0,0,0
957,C0000765,0,0,1,0,0
957,C0043094,1,0,0,0,0
957,C1446377,0,0,1,0,0
957,C0425101,1,0,0,0,0
957,C0578026,0,0,1,0,0
958,C0000765,0,0,1,0,0
958,C0043094,1,0,0,0,0
958,C1262477,1,0,0,0,0
959,C0003467,1,0,0,0,0
960,C0000765,0,0,1,0,0
960,C0043094,1,0,0,0,0
962,C0000765,0,0,1,0,0
962,C0043094,1,0,0,0,0
962,C0438696,1,0,0,0,0
962,C0563158,0,0,1,0,0
962,C0038661,1,0,0,0,0
963,C0028081,1,0,0,0,0
963,C0038990,1,0,0,0,0
963,C2129214,1,0,0,0,0
963,C0241705,0,0,1,0,0
964,C0018681,1,0,0,0,0
965,C0231528,1,0,0,0,0
965,C0018681,1,0,0,0,0
965,C0030193,1,0,0,0,0
965,C0423684,0,0,1,0,0
965,C0004604,1,0,0,0,0
965,C0007859,1,0,0,0,0
965,C0024031,0,0,1,0,0
965,C0151315,1,0,0,0,0
965,C0023222,0,0,1,0,0
966,C0241729,1,0,0,0,0
968,C0150079,0,0,1,0,0
969,C0013144,1,0,0,0,0
970,C0233469,0,0,1,0,0
970,C0344315,1,0,0,0,0
970,C0028643,1,0,0,0,0
970,C0587054,0,0,1,0,0
972,C0000765,0,0,1,0,0
972,C0043094,1,0,0,0,0
973,C0344320,0,0,1,0,0
974,C0003467,1,0,0,0,0
975,C0241633,1,0,0,0,0
977,C0018681,1,0,0,0,0
978,C0012833,1,0,0,0,0
980,C0018681,1,0,0,0,0
980,C2129214,1,0,0,0,0
982,C0041755,0,0,1,0,0
984,C0003467,1,0,0,0,0
986,C0235309,1,0,0,0,0
988,C0003467,1,0,0,0,0
988,C0497247,0,0,1,0,0
988,C0030318,1,0,0,0,0
991,C0234238,1,0,0,0,0
991,C3887611,1,0,0,0,0
992,C1971624,1,0,0,0,0
992,C0018681,1,0,0,0,0
995,C0018681,1,0,0,0,0
997,C0018681,1,0,0,0,0
999,C0018681,1,0,0,0,0
1000,C0344315,1,0,0,0,0
1000,C0085633,1,0,0,0,0
1000,C0002957,1,0,0,0,0
1002,C0009806,1,0,0,0,0
1003,C0003467,1,0,0,0,0
1003,C0700031,1,0,0,0,0
1004,C0040822,1,0,0,0,0
1005,C0027497,1,0,0,0,0
1007,C0027497,1,0,0,0,0
1009,C0233492,1,0,0,0,0
1015,C0557875,1,0,0,0,0
1016,C0041755,0,0,1,0,0
1016,C0015726,1,0,0,0,0
1016,C0424158,0,0,1,0,0
1017,C0235198,1,0,0,0,0
1019,C0015672,1,0,0,0,0
1020,C0000765,0,0,1,0,0
1020,C0043094,1,0,0,0,0
1021,C0000765,0,0,1,0,0
1021,C0043094,1,0,0,0,0
1022,C0015672,1,0,0,0,0
1023,C0038990,1,0,0,0,0
1026,C1971624,1,0,0,0,0
1026,C0917801,1,0,0,0,0
1026,C0012833,1,0,0,0,0
1026,C0581879,0,0,1,0,0
1027,C0000765,0,0,1,0,0
1027,C0043094,1,0,0,0,0
1029,C0557875,1,0,0,0,0
1030,C0013144,1,0,0,0,0
1031,C0038990,1,0,0,0,0
1033,C0038990,1,0,0,0,0
1035,C0000765,0,0,1,0,0
1035,C0043094,1,0,0,0,0
1040,C0003467,1,0,0,0,0
1040,C3887611,1,0,0,0,0
1041,C0013144,1,0,0,0,0
1042,C0013144,1,0,0,0,0
1043,C1971624,1,0,0,0,0
1043,C0586746,0,0,1,0,0
1046,C0027338,1,0,0,0,0
1048,C0557875,1,0,0,0,0
1049,C0086769,1,0,0,0,0
1049,C0018681,1,0,0,0,0
1049,C0030318,1,0,0,0,0
1049,C0038990,1,0,0,0,0
1050,C0003467,1,0,0,0,0
1050,C0018681,1,0,0,0,0
1050,C3887611,1,0,0,0,0
1050,C2129214,1,0,0,0,0
1050,C0035258,0,0,1,0,0
1051,C0040822,1,0,0,0,0
1052,C0000765,0,0,1,0,0
1052,C0043094,1,0,0,0,0
1052,C0005911,1,0,0,0,0
1053,C0027497,1,0,0,0,0
1053,C0701810,0,0,1,0,0
1054,C0425736,0,0,1,0,0
1056,C0018834,1,0,0,0,0
1058,C0027497,1,0,0,0,0
1058,C0578994,1,0,0,0,0
1058,C0423564,0,0,1,0,0
1059,C0018681,1,0,0,0,0
1059,C0028643,1,0,0,0,0
1059,C0239832,0,1,0,0,0
1059,C0037195,1,0,0,0,0
1059,C0038999,1,0,0,0,0
1059,C0575805,0,1,0,0,0
1060,C0027497,1,0,0,0,0
1060,C0149931,1,0,0,0,0
1060,C0392171,0,0,1,0,0
1060,C0023380,1,0,0,0,0
1061,C0003467,1,0,0,0,0
1061,C0012833,1,0,0,0,0
1061,C0038990,1,0,0,0,0
1061,C3887611,1,0,0,0,0
1061,C0036973,1,0,0,0,0
1062,C0235108,0,0,1,0,0
1063,C0392171,0,0,1,0,0
1063,C0522165,0,0,1,0,0
1064,C0012833,1,0,0,0,0
1064,C0344375,1,0,0,0,0
1064,C0235309,1,0,0,0,0
1065,C0027497,1,0,0,0,0
1065,C0344232,1,0,0,0,0
1065,C0012833,1,0,0,0,0
1065,C0233763,1,0,0,0,0
1065,C0030193,1,0,0,0,0
1065,C0030252,1,0,0,0,0
1065,C0278140,1,0,0,0,0
1065,C0038990,1,0,0,0,0
1065,C0018524,1,0,0,0,0
1065,C0000737,1,0,0,0,0
1065,C0233762,1,0,0,0,0
1065,C2141086,0,0,1,0,0
1065,C0522224,1,0,0,0,0
1066,C0038990,1,0,0,0,0
1070,C0012833,1,0,0,0,0
1070,C0522165,0,0,1,0,0
1071,C0028081,1,0,0,0,0
1071,C0038990,1,0,0,0,0
1074,C0424336,0,0,1,0,0
1074,C0438696,1,0,0,0,0
1074,C0038661,1,0,0,0,0
1075,C0150084,0,0,1,0,0
1076,C0235198,1,0,0,0,0
1077,C0000765,0,0,1,0,0
1077,C0043094,1,0,0,0,0
1077,C0701810,0,0,1,0,0
1077,C0038990,1,0,0,0,0
1077,C0586746,0,0,1,0,0
1077,C0581394,0,0,1,0,0
1077,C0038999,1,0,0,0,0
1078,C1527304,1,0,0,0,0
1079,C0038999,1,0,0,0,0
1081,C0003467,1,0,0,0,0
1081,C0231403,1,0,0,0,0
1081,C0012833,1,0,0,0,0
1081,C0018681,1,0,0,0,0
1081,C0030193,1,0,0,0,0
1081,C0278140,1,0,0,0,0
1081,C0038990,1,0,0,0,0
1081,C0002957,1,0,0,0,0
1082,C0000765,0,0,1,0,0
1082,C0027497,1,0,0,0,0
1082,C0043094,1,0,0,0,0
1082,C0030193,1,0,0,0,0
1082,C0392674,1,0,0,0,0
1087,C0019993,1,0,0,0,0
1088,C0000765,0,0,1,0,0
1088,C0043094,1,0,0,0,0
1088,C0018681,1,0,0,0,0
1088,C0015672,1,0,0,0,0
1088,C0009806,1,0,0,0,0
1088,C0011991,1,0,0,0,0
1090,C0027497,1,0,0,0,0
1090,C0235309,0,0,1,0,0
1091,C0028081,1,0,0,0,0
1091,C0038990,1,0,0,0,0
1091,C0557878,1,0,0,0,0
1093,C0030193,1,0,0,0,0
1093,C3887611,1,0,0,0,0
1093,C0035258,0,0,1,0,0
1093,C0581394,0,0,1,0,0
1094,C0231530,1,0,0,0,0
1094,C0018681,1,0,0,0,0
1094,C0009806,1,0,0,0,0
1094,C0554978,1,0,0,0,0
1095,C0557875,1,0,0,0,0
1095,C0581879,0,0,1,0,0
1096,C0027497,1,0,0,0,0
1096,C0586742,0,0,1,0,0
1096,C0557875,1,0,0,0,0
1096,C0424939,0,0,1,0,0
1098,C0003467,1,0,0,0,0
1098,C0002957,1,0,0,0,0
1101,C0003467,1,0,0,0,0
1101,C0012833,1,0,0,0,0
1101,C0701810,0,0,1,0,0
1101,C0234238,1,0,0,0,0
1101,C0028643,1,0,0,0,0
1102,C0003467,1,0,0,0,0
1103,C0425082,0,0,1,0,0
1104,C0438697,1,0,0,0,0
1104,C0010399,1,0,0,0,0
1106,C0019993,1,0,0,0,0
1107,C0000765,0,0,1,0,0
1107,C0043094,1,0,0,0,0
1107,C0018681,1,0,0,0,0
1107,C0586746,0,0,1,0,0
1108,C0018681,1,0,0,0,0
1110,C0018681,1,0,0,0,0
1110,C0015672,1,0,0,0,0
1110,C0028081,1,0,0,0,0
1110,C0542476,1,0,0,0,0
1110,C0038990,1,0,0,0,0
1110,C0425082,0,0,1,0,0
1111,C0018681,1,0,0,0,0
1111,C0028084,1,0,0,0,0
1112,C0028084,1,0,0,0,0
1113,C0028084,1,0,0,0,0
1115,C0557875,1,0,0,0,0
1116,C0018681,1,0,0,0,0
1117,C1971624,1,0,0,0,0
1117,C0542476,1,0,0,0,0
1119,C0027497,1,0,0,0,0
1119,C0012833,1,0,0,0,0
1119,C0701810,0,0,1,0,0
1119,C0581879,1,0,0,0,0
1119,C0024517,1,0,0,0,0
1120,C0232197,1,0,0,0,0
1121,C0038990,1,0,0,0,0
1121,C0028084,1,0,0,0,0
1122,C0424000,1,0,0,0,0
1122,C0438696,1,0,0,0,0
1122,C0233488,1,0,0,0,0
1122,C0038661,1,0,0,0,0
1123,C0085633,1,0,0,0,0
1123,C0030193,1,0,0,0,0
1123,C0002957,1,0,0,0,0
1124,C0701811,0,0,1,0,0
1124,C0344315,1,0,0,0,0
1124,C0557875,1,0,0,0,0
1124,C0438696,1,0,0,0,0
1124,C0028084,1,0,0,0,0
1124,C1456784,1,0,0,0,0
1124,C0038506,1,0,0,0,0
1124,C0038661,1,0,0,0,0
1127,C0038506,1,0,0,0,0
1128,C0542476,1,0,0,0,0
1128,C0038506,1,0,0,0,0
1132,C0438696,1,0,0,0,0
1132,C0038661,1,0,0,0,0
1135,C0027497,1,0,0,0,0
1135,C0012833,1,0,0,0,0
1135,C0018681,1,0,0,0,0
1139,C0000765,0,0,1,0,0
1139,C0043094,1,0,0,0,0
1139,C0015672,1,0,0,0,0
1139,C0013144,1,0,0,0,0
1140,C0027497,1,0,0,0,0
1140,C0012833,1,0,0,0,0
1140,C0015672,1,0,0,0,0
1140,C0438696,1,0,0,0,0
1140,C0178417,0,0,1,0,0
1140,C0024517,1,0,0,0,0
1140,C1562291,0,0,1,0,0
1140,C0038661,1,0,0,0,0
1141,C1971624,1,0,0,0,0
1141,C0018681,1,0,0,0,0
1141,C2364111,1,0,0,0,0
1141,C0578994,0,0,1,0,0
1141,C0240327,1,0,0,0,0
1141,C0423564,0,0,1,0,0
1143,C0542313,0,0,1,0,0
1143,C0578994,0,0,1,0,0
1143,C0240327,1,0,0,0,0
1143,C0423564,0,0,1,0,0
1145,C0586746,0,0,1,0,0
1145,C0178417,0,0,1,0,0
1145,C1562291,0,0,1,0,0
1155,C3887611,1,0,0,0,0
1155,C0558127,0,0,1,0,0
1155,C0039070,1,0,0,0,0
1155,C0234369,1,0,0,0,0
1158,C0038506,1,0,0,0,0
1160,C0015672,1,0,0,0,0
1160,C0424336,0,0,1,0,0
1160,C0038990,1,0,0,0,0
1160,C0009806,1,0,0,0,0
1161,C0424336,0,0,1,0,0
1163,C0012833,1,0,0,0,0
1163,C0016382,1,0,0,0,0
1163,C0018681,1,0,0,0,0
1163,C0812387,1,0,0,0,0
1163,C0392171,0,0,1,0,0
1163,C0038990,1,0,0,0,0
1163,C0242429,1,0,0,0,0
1163,C0232431,1,0,0,0,0
1165,C0000765,0,0,1,0,0
1165,C0043094,1,0,0,0,0
1165,C0028081,1,0,0,0,0
1165,C0424336,0,0,1,0,0
1165,C0038990,1,0,0,0,0
1165,C0020175,1,0,0,0,0
1165,C0558127,0,0,1,0,0
1166,C0027497,1,0,0,0,0
1166,C0015672,1,0,0,0,0
1168,C0015672,1,0,0,0,0
1168,C0392171,0,0,1,0,0
1168,C0041755,0,0,1,0,0
1169,C1971624,1,0,0,0,0
1169,C0003467,1,0,0,0,0
1169,C0497247,0,0,1,0,0
1169,C0018681,1,0,0,0,0
1169,C0812387,1,0,0,0,0
1169,C0018834,1,0,0,0,0
1169,C2364111,1,0,0,0,0
1169,C0232461,1,0,0,0,0
1169,C3887611,1,0,0,0,0
1169,C0035258,0,0,1,0,0
1169,C2939147,1,0,0,0,0
1169,C0578994,0,0,1,0,0
1169,C0423564,0,0,1,0,0
1170,C0086769,1,0,0,0,0
1170,C4075722,0,0,1,0,0
1170,C0424336,0,0,1,0,0
1170,C0030318,1,0,0,0,0
1170,C0037320,0,0,1,0,0
1170,C0557883,0,0,1,0,0
1171,C0281856,0,0,1,0,0
1171,C0030193,1,0,0,0,0
1171,C0234238,1,0,0,0,0
1172,C0027497,1,0,0,0,0
1172,C0038990,1,0,0,0,0
1173,C0003467,1,0,0,0,0
1174,C0036104,1,0,0,0,0
1175,C0012833,1,0,0,0,0
1175,C0018681,1,0,0,0,0
1175,C0028081,1,0,0,0,0
1175,C0038990,1,0,0,0,0
1176,C0015672,1,0,0,0,0
1176,C0030193,1,0,0,0,0
1176,C0023222,0,0,1,0,0
1176,C0458256,1,0,0,0,0
1176,C0239377,0,0,1,0,0
1179,C0010200,1,0,0,0,0
1180,C0701811,0,0,1,0,0
1182,C0030193,1,0,0,0,0
1182,C0023222,0,0,1,0,0
1182,C0564821,1,0,0,0,0
1182,C0458256,1,0,0,0,0
1182,C0239377,0,0,1,0,0
1184,C0000765,0,0,1,0,0
1184,C0043094,1,0,0,0,0
1184,C0028081,1,0,0,0,0
1184,C0038990,1,0,0,0,0
1184,C0586746,0,0,1,0,0
1184,C0009806,1,0,0,0,0
1184,C0028084,1,0,0,0,0
1185,C0000765,0,0,1,0,0
1185,C0086769,1,0,0,0,0
1185,C0003467,1,0,0,0,0
1185,C0043094,1,0,0,0,0
1185,C0030318,1,0,0,0,0
1185,C0700031,1,0,0,0,0
1186,C0424000,1,0,0,0,0
1186,C0438696,1,0,0,0,0
1186,C0085631,1,0,0,0,0
1186,C0038661,1,0,0,0,0
1187,C0234238,1,0,0,0,0
1187,C0221512,1,0,0,0,0
1187,C0009806,1,0,0,0,0
1187,C0856672,1,0,0,0,0
1189,C0001241,0,0,1,0,0
1191,C0424336,0,0,1,0,0
1191,C0413862,0,0,1,0,0
1191,C0569700,0,0,1,0,0
1191,C0041755,0,0,1,0,0
1192,C0003467,1,0,0,0,0
1193,C0677661,1,0,0,0,0
1194,C0018379,1,0,0,0,0
1196,C0030193,1,0,0,0,0
1196,C0016770,1,0,0,0,0
1196,C0677661,1,0,0,0,0
1196,C0557932,1,0,0,0,0
1197,C0027497,1,0,0,0,0
1198,C0233407,1,0,0,0,0
1199,C0018681,1,0,0,0,0
1199,C0438697,1,0,0,0,0
1199,C0010399,1,0,0,0,0
1200,C0003467,1,0,0,0,0
1200,C0231528,1,0,0,0,0
1200,C0497247,0,0,1,0,0
1200,C0030193,1,0,0,0,0
1200,C0030252,1,0,0,0,0
1200,C0020039,1,0,0,0,0
1200,C0023222,0,0,1,0,0
1200,C0694551,0,0,1,0,0
1204,C0003467,1,0,0,0,0
1207,C0028643,1,0,0,0,0
1207,C0587054,0,0,1,0,0
1208,C0557875,1,0,0,0,0
1208,C0522165,0,0,1,0,0
1210,C0424336,0,0,1,0,0
1210,C0560617,1,0,0,0,0
1211,C3887611,1,0,0,0,0
1211,C0035258,0,0,1,0,0
1211,C0235160,1,0,0,0,0
1212,C0038990,1,0,0,0,0
1213,C0000765,0,0,1,0,0
1213,C0043094,1,0,0,0,0
1213,C0013144,1,0,0,0,0
1213,C0586746,0,0,1,0,0
1213,C0009806,1,0,0,0,0
1213,C0026821,1,0,0,0,0
1214,C0015672,1,0,0,0,0
1214,C0239067,0,0,1,0,0
1214,C0242979,1,0,0,0,0
1214,C0560085,0,0,1,0,0
1216,C0003467,1,0,0,0,0
1216,C0038990,1,0,0,0,0
1222,C0027497,1,0,0,0,0
1223,C0027497,1,0,0,0,0
1225,C0012833,1,0,0,0,0
1225,C0857087,1,0,0,0,0
1227,C0002957,1,0,0,0,0
1228,C0521008,1,0,0,0,0
1230,C0027497,1,0,0,0,0
1230,C0012833,1,0,0,0,0
1230,C0149931,1,0,0,0,0
1231,C0149931,1,0,0,0,0
1234,C0085628,1,0,0,0,0
1235,C0701811,0,0,1,0,0
1235,C0023380,1,0,0,0,0
1235,C0425082,0,0,1,0,0
1236,C0012833,1,0,0,0,0
1237,C0917801,1,0,0,0,0
1238,C0438696,1,0,0,0,0
1238,C0038663,1,0,0,0,0
1238,C0038661,1,0,0,0,0
1239,C0438696,1,0,0,0,0
1239,C0038661,1,0,0,0,0
1240,C0018681,1,0,0,0,0
1240,C0085633,1,0,0,0,0
1240,C0030193,1,0,0,0,0
1240,C0030252,1,0,0,0,0
1240,C0008031,1,0,0,0,0
1240,C2141086,0,0,1,0,0
1240,C0423636,0,0,1,0,0
1241,C1971624,1,0,0,0,0
1241,C0028643,1,0,0,0,0
1241,C0009806,1,0,0,0,0
1241,C1562291,0,0,1,0,0
1241,C0424091,1,0,0,0,0
1242,C0030193,1,0,0,0,0
1242,C0425082,0,0,1,0,0
1243,C0030193,1,0,0,0,0
1243,C0016770,1,0,0,0,0
1244,C0027497,1,0,0,0,0
1244,C0012833,1,0,0,0,0
1244,C0557875,1,0,0,0,0
1244,C0028081,1,0,0,0,0
1244,C0037317,0,0,1,0,0
1244,C0038990,1,0,0,0,0
1244,C0043387,1,0,0,0,0
1244,C0009806,1,0,0,0,0
1244,C0020039,1,0,0,0,0
1244,C0150079,0,0,1,0,0
1244,c0037317,0,0,1,0,0
1246,C0424158,0,0,1,0,0
1250,C0424000,1,0,0,0,0
1250,C0392674,1,0,0,0,0
1250,C0438696,1,0,0,0,0
1250,C0038661,1,0,0,0,0
1251,C4075722,0,0,1,0,0
1253,C0560765,0,0,1,0,0
1253,C0392674,1,0,0,0,0
1254,C0701811,0,0,1,0,0
1255,C0497247,0,0,1,0,0
1259,C0000765,0,0,1,0,0
1259,C0027497,1,0,0,0,0
1259,C0043094,1,0,0,0,0
1259,C0344320,0,0,1,0,0
1261,C0392171,0,0,1,0,0
1261,C0038990,1,0,0,0,0
1261,C0232431,1,0,0,0,0
1262,C0027497,1,0,0,0,0
1263,C0424336,0,0,1,0,0
1267,C0438696,1,0,0,0,0
1267,C0038661,1,0,0,0,0
1268,C0015672,1,0,0,0,0
1268,C0438696,1,0,0,0,0
1268,C0038661,1,0,0,0,0
1269,C0000765,0,0,1,0,0
1269,C0043094,1,0,0,0,0
1269,C0231247,0,0,1,0,0
1270,C0557875,1,0,0,0,0
1270,C0558078,1,0,0,0,0
1271,C0027497,1,0,0,0,0
1271,C0003467,1,0,0,0,0
1271,C0012833,1,0,0,0,0
1271,C0220870,1,0,0,0,0
1271,C0027338,1,0,0,0,0
1271,C0233624,1,0,0,0,0
1272,C0557875,1,0,0,0,0
1273,C1971624,1,0,0,0,0
1277,C0701810,0,0,1,0,0
1277,C0028081,1,0,0,0,0
1277,C0038990,1,0,0,0,0
1277,C0028084,1,0,0,0,0
1278,C0003467,1,0,0,0,0
1278,C0424336,0,0,1,0,0
1279,C0542476,1,0,0,0,0
1281,C0542476,1,0,0,0,0
1283,C0012833,1,0,0,0,0
1283,C0037317,1,0,0,0,0
1283,C0038990,1,0,0,0,0
1283,c0037317,1,0,0,0,0
1284,C0027497,1,0,0,0,0
1284,C0023380,1,0,0,0,0
1285,C0557875,1,0,0,0,0
1286,C0000765,0,0,1,0,0
1286,C0043094,1,0,0,0,0
1286,C0015672,1,0,0,0,0
1286,C0424336,0,0,1,0,0
1286,C0009806,1,0,0,0,0
1289,C0000765,0,0,1,0,0
1289,C0043094,1,0,0,0,0
1289,C0038990,1,0,0,0,0
1289,C0009806,1,0,0,0,0
1291,C0011057,1,0,0,0,0
1291,C0018784,0,0,1,0,0
1293,C0234238,1,0,0,0,0
1293,C0438697,1,0,0,0,0
1293,C0010399,1,0,0,0,0
1294,C0233484,1,0,0,0,0
1295,C0018681,1,0,0,0,0
1297,C0424565,0,1,0,0,0
1297,C0557875,1,0,0,0,0
1298,C0013144,1,0,0,0,0
1299,C0023380,1,0,0,0,0
1299,C0009806,1,0,0,0,0
1301,C0003467,1,0,0,0,0
1301,C0011057,1,0,0,0,0
1302,C0438697,1,0,0,0,0
1302,C0010399,1,0,0,0,0
1304,C0557875,1,0,0,0,0
1305,C0018681,1,0,0,0,0
1305,C0015672,1,0,0,0,0
1305,C2364111,1,0,0,0,0
1305,C0424235,1,0,0,0,0
1308,C0150084,0,0,1,0,0
1309,C1971624,1,0,0,0,0
1309,C0015672,1,0,0,0,0
1309,C0586746,0,0,1,0,0
1310,C0015672,1,0,0,0,0
1311,C0002957,1,0,0,0,0
1313,C0012833,1,0,0,0,0
1315,C0012833,1,0,0,0,0
1316,C0012833,1,0,0,0,0
1318,C0003467,1,0,0,0,0
1320,C0030193,1,0,0,0,0
1320,C0522165,0,0,1,0,0
1320,C0023222,0,0,1,0,0
1320,C0694551,0,0,1,0,0
1321,C0027497,1,0,0,0,0
1322,C4075722,1,0,0,0,0
1322,C0557875,1,0,0,0,0
1322,C0043387,1,0,0,0,0
1325,C4075722,1,0,0,0,0
1326,C0009806,1,0,0,0,0
1327,C0030193,1,0,0,0,0
1327,C0564821,0,0,1,0,0
1327,C0694551,0,0,1,0,0
1329,C1971624,1,0,0,0,0
1332,C3887611,1,0,0,0,0
1333,C0028081,1,0,0,0,0
1333,C0038990,1,0,0,0,0
1334,C0424336,0,0,1,0,0
1335,C0028643,1,0,0,0,0
1336,C0438697,1,0,0,0,0
1336,C0010399,1,0,0,0,0
1337,C0028643,1,0,0,0,0
1339,C0038990,1,0,0,0,0
1339,C0009806,1,0,0,0,0
1340,C0000765,0,0,1,0,0
1340,C0043094,1,0,0,0,0
1340,C0578026,0,0,1,0,0
1341,C0000765,0,0,1,0,0
1341,C0043094,1,0,0,0,0
1343,C0038990,1,0,0,0,0
1343,C0002957,1,0,0,0,0
1345,C0038990,1,0,0,0,0
1346,C0424336,0,0,1,0,0
1346,C0030252,1,0,0,0,0
1346,C0009806,1,0,0,0,0
1346,C0022107,1,0,0,0,0
1346,C0438697,1,0,0,0,0
1346,C0581879,0,0,1,0,0
1346,C0010399,1,0,0,0,0
1346,C0234369,1,0,0,0,0
1346,C0581912,1,0,0,0,0
1346,C0679136,1,0,0,0,0
1346,C0233497,1,0,0,0,0
1346,C1688635,1,0,0,0,0
1352,C0000765,0,0,1,0,0
1352,C0424000,1,0,0,0,0
1352,C0043094,1,0,0,0,0
1352,C0425083,0,0,1,0,0
1352,C0497247,0,0,1,0,0
1352,C0015672,1,0,0,0,0
1352,C0424336,0,0,1,0,0
1352,C0438696,1,0,0,0,0
1352,C0586746,0,0,1,0,0
1352,C0702166,1,0,0,0,0
1352,C0236858,0,0,1,0,0
1352,C1562291,0,0,1,0,0
1352,C0281822,1,0,0,0,0
1352,C0151692,0,0,1,0,0
1352,C0037278,1,0,0,0,0
1352,C0578026,0,0,1,0,0
1352,C0424091,0,0,1,0,0
1352,C0038661,1,0,0,0,0
1354,C0000765,0,0,1,0,0
1354,C0043094,1,0,0,0,0
1354,C0557875,1,0,0,0,0
1355,C0701811,0,0,1,0,0
1358,C0030193,1,0,0,0,0
1358,C0023222,0,0,1,0,0
1358,C0694551,0,0,1,0,0
1359,C0235195,1,0,0,0,0
1361,C0235195,1,0,0,0,0
1361,C0577027,1,0,0,0,0
1362,C0038990,1,0,0,0,0
1362,C0232462,1,0,0,0,0
1363,C1821572,0,0,1,0,0
1363,C1562291,0,0,1,0,0
1364,C0038990,1,0,0,0,0
1365,C0038990,1,0,0,0,0
1366,C0027497,1,0,0,0,0
1366,C0012833,1,0,0,0,0
1366,C0009806,1,0,0,0,0
1366,C0232462,0,1,0,0,0
1366,C0011057,1,0,0,0,0
1366,C0857087,1,0,0,0,0
1367,C0701811,1,0,0,0,0
1367,C0018681,1,0,0,0,0
1367,C0015672,1,0,0,0,0
1367,C0542313,0,0,1,0,0
1367,C0150079,0,0,1,0,0
1367,C0156404,0,0,1,0,0
1367,C0425082,1,0,0,0,0
1368,C0015672,1,0,0,0,0
1369,C0424336,0,0,1,0,0
1369,C0038990,1,0,0,0,0
1369,C0020175,1,0,0,0,0
1369,C0557878,1,0,0,0,0
1371,C0018681,1,0,0,0,0
1371,C0237314,0,0,1,0,0
1371,C0037195,1,0,0,0,0
1373,C0018681,1,0,0,0,0
1375,C0027497,1,0,0,0,0
1375,C0018681,1,0,0,0,0
1375,C0085632,1,0,0,0,0
1375,C0030193,1,0,0,0,0
1375,C0278140,1,0,0,0,0
1375,C0043387,1,0,0,0,0
1375,C2141086,0,0,1,0,0
1375,C0564820,0,0,1,0,0
1375,C0236000,1,0,0,0,0
1375,C0564821,0,0,1,0,0
1376,C0015726,1,0,0,0,0
1378,C0028643,1,0,0,0,0
1383,C0027497,1,0,0,0,0
1383,C0344375,1,0,0,0,0
1384,C0020175,1,0,0,0,0
1385,C0000765,0,0,1,0,0
1385,C0701811,0,0,1,0,0
1385,C0043094,1,0,0,0,0
1385,C0028081,1,0,0,0,0
1385,C0151786,1,0,0,0,0
1385,C0038990,1,0,0,0,0
1385,C0043387,1,0,0,0,0
1385,C0085602,0,0,1,0,0
1385,C0586746,1,0,0,0,0
1385,C0028643,1,0,0,0,0
1385,C0020505,0,0,1,0,0
1385,C0033774,1,0,0,0,0
1385,C0542313,0,0,1,0,0
1385,C0558127,0,0,1,0,0
1385,C0581879,0,0,1,0,0
1385,C0596170,1,0,0,0,0
1385,C0424158,0,0,1,0,0
1385,C0587054,0,0,1,0,0
1386,C0596170,1,0,0,0,0
1387,C0233469,0,0,1,0,0
1387,C0028643,1,0,0,0,0
1387,C0424158,0,0,1,0,0
1387,C0587054,0,0,1,0,0
1389,C0030252,1,0,0,0,0
1389,C0237314,0,0,1,0,0
1390,C0156404,0,0,1,0,0
1391,C0036104,1,0,0,0,0
1392,C0027497,1,0,0,0,0
1392,C1971624,1,0,0,0,0
1392,C0586746,0,0,1,0,0
1394,C1971624,1,0,0,0,0
1394,C0586746,0,0,1,0,0
1394,C0231247,0,0,1,0,0
1396,C0392171,0,0,1,0,0
1397,C0000765,0,0,1,0,0
1397,C0043094,1,0,0,0,0
1397,C0557875,1,0,0,0,0
1398,C0009806,1,0,0,0,0
1399,C0237314,0,0,1,0,0
1400,C0018681,1,0,0,0,0
1401,C0220870,1,0,0,0,0
1402,C0497247,0,0,1,0,0
1402,C0030193,1,0,0,0,0
1402,C0023222,0,0,1,0,0
1402,C0581912,1,0,0,0,0
1402,C0458256,1,0,0,0,0
1402,C0694551,0,0,1,0,0
1403,C0522165,0,0,1,0,0
1404,C1971624,1,0,0,0,0
1404,C0003467,1,0,0,0,0
1404,C0456820,0,0,1,0,0
1404,C0038990,1,0,0,0,0
1404,C0043387,1,0,0,0,0
1404,C0028643,1,0,0,0,0
1404,C0009806,1,0,0,0,0
1404,C0239511,0,0,1,0,0
1404,C0425082,0,0,1,0,0
1404,C0587054,1,0,0,0,0
1406,C0028643,1,0,0,0,0
1406,C0239511,0,0,1,0,0
1406,C0239832,0,1,0,0,0
1406,C0564821,0,0,1,0,0
1407,C0015672,1,0,0,0,0
1407,C0232462,0,1,0,0,0
1408,C0497406,1,0,0,0,0
1408,C0232462,0,1,0,0,0
1409,C0701811,0,0,1,0,0
1409,C0027497,1,0,0,0,0
1409,C0012833,1,0,0,0,0
1409,C0018681,1,0,0,0,0
1410,C0701810,0,0,1,0,0
1410,C0028081,1,0,0,0,0
1410,C0038990,1,0,0,0,0
1410,C0028084,1,0,0,0,0
1411,C0000765,0,0,1,0,0
1411,C0043094,1,0,0,0,0
1412,C0701810,0,0,1,0,0
1412,C1688635,1,0,0,0,0
1413,C0024517,1,0,0,0,0
1415,C0497406,1,0,0,0,0
1421,C0000765,0,0,1,0,0
1421,C0586746,0,0,1,0,0
1421,C0578026,0,0,1,0,0
1423,C0020175,1,0,0,0,0
1423,C0233730,1,0,0,0,0
1424,C0028643,1,0,0,0,0
1426,C0030193,1,0,0,0,0
1426,C0232461,1,0,0,0,0
1426,C0007859,1,0,0,0,0
1427,C0314719,1,0,0,0,0
1427,C0041755,0,0,1,0,0
1428,C0030193,1,0,0,0,0
1428,C0314719,1,0,0,0,0
1429,C0392674,1,0,0,0,0
1429,C0150079,0,0,1,0,0
1433,C1971624,1,0,0,0,0
1434,C0392674,1,0,0,0,0
1435,C1971624,1,0,0,0,0
1435,C0036104,1,0,0,0,0
1439,C0860645,1,0,0,0,0
1439,C0038990,1,0,0,0,0
1439,C0040822,1,0,0,0,0
1441,C0028081,1,0,0,0,0
1441,C0558078,1,0,0,0,0
1441,C0038990,1,0,0,0,0
1442,C0917801,1,0,0,0,0
1442,C0578994,0,0,1,0,0
1442,C0240327,1,0,0,0,0
1442,C0423564,0,0,1,0,0
1445,C0000765,0,0,1,0,0
1445,C0043094,1,0,0,0,0
1445,C0028081,1,0,0,0,0
1445,C0038990,1,0,0,0,0
1445,C0586746,0,0,1,0,0
1445,C0009806,1,0,0,0,0
1446,C0038990,1,0,0,0,0
1446,C0009806,1,0,0,0,0
1449,C0392674,1,0,0,0,0
1450,C0086769,1,0,0,0,0
1450,C0003467,1,0,0,0,0
1450,C0231403,1,0,0,0,0
1450,C0030318,1,0,0,0,0
1450,C1821572,0,0,1,0,0
1450,C0232462,1,0,0,0,0
1450,C0700031,1,0,0,0,0
1454,C0027497,1,0,0,0,0
1454,C0011991,1,0,0,0,0
1454,C0235309,1,0,0,0,0
1456,C0235309,1,0,0,0,0
1457,C0027497,1,0,0,0,0
1457,C0344232,1,0,0,0,0
1457,C0497247,0,0,1,0,0
1457,C0424117,1,0,0,0,0
1457,C0424336,0,0,1,0,0
1457,C0085602,0,0,1,0,0
1457,C0455769,1,0,0,0,0
1462,C0027497,1,0,0,0,0
1462,C0042571,1,0,0,0,0
1462,C0015672,1,0,0,0,0
1464,C0027497,1,0,0,0,0
1464,C0015672,1,0,0,0,0
1464,C0028081,1,0,0,0,0
1464,C0038990,1,0,0,0,0
1466,C0003467,1,0,0,0,0
1467,C0009806,1,0,0,0,0
1469,C0701811,0,0,1,0,0
1470,C1562291,0,0,1,0,0
1475,C0586746,0,0,1,0,0
1476,C0018681,1,0,0,0,0
1476,C0028081,1,0,0,0,0
1476,C0038990,1,0,0,0,0
1478,C0028081,1,0,0,0,0
1478,C0424336,0,0,1,0,0
1478,C0542476,1,0,0,0,0
1478,C0038990,1,0,0,0,0
1479,C4075722,0,0,1,0,0
1479,C0028081,1,0,0,0,0
1479,C0038990,1,0,0,0,0
1479,C0009806,1,0,0,0,0
1480,C0027497,1,0,0,0,0
1481,C4075722,0,1,0,0,0
1483,C0557875,1,0,0,0,0
1486,C0424336,0,0,1,0,0
1487,C0028081,1,0,0,0,0
1487,C0038990,1,0,0,0,0
1488,C0009806,1,0,0,0,0
1490,C0013144,1,0,0,0,0
1492,C0701810,0,0,1,0,0
1494,C0586746,0,0,1,0,0
1497,C0018681,1,0,0,0,0
1497,C0030193,1,0,0,0,0
1497,C0007859,1,0,0,0,0
1497,C0578994,0,0,1,0,0
1497,C0236000,1,0,0,0,0
1497,C0240327,1,0,0,0,0
1497,C0423564,0,0,1,0,0
1500,C0027497,1,0,0,0,0
1501,C0043387,1,0,0,0,0
1502,C0033774,1,0,0,0,0
1504,C0232462,0,1,0,0,0
1505,C0011991,1,0,0,0,0
1507,C0037763,1,0,0,0,0
1507,C0038990,1,0,0,0,0
1507,C0040822,1,0,0,0,0
1507,C0542313,0,0,1,0,0
1507,C1562291,0,0,1,0,0
1508,C0235283,1,0,0,0,0
1509,C0085593,1,0,0,0,0
1509,C0015967,1,0,0,0,0
1511,C0085593,1,0,0,0,0
1514,C0030252,1,0,0,0,0
1515,C0038990,1,0,0,0,0
1515,C0424555,1,0,0,0,0
1516,C0149931,1,0,0,0,0
1516,C0018681,1,0,0,0,0
1516,C0030193,1,0,0,0,0
1516,C0023222,0,0,1,0,0
1516,C0694551,0,0,1,0,0
1517,C0149931,1,0,0,0,0
1518,C0027497,1,0,0,0,0
1518,C0586746,0,0,1,0,0
1519,C0542313,0,0,1,0,0
1520,C0000765,0,0,1,0,0
1520,C0043094,1,0,0,0,0
1520,C0038990,1,0,0,0,0
1522,C1971624,1,0,0,0,0
1522,C0018681,1,0,0,0,0
1522,C0586746,0,0,1,0,0
1524,C0027497,1,0,0,0,0
1524,C0012833,1,0,0,0,0
1525,C0232462,1,0,0,0,0
1528,C0700590,1,0,0,0,0
1528,C4075722,0,0,1,0,0
1528,C0028081,1,0,0,0,0
1528,C0038990,1,0,0,0,0
1529,C0018681,1,0,0,0,0
1530,C4075722,1,0,0,0,0
1530,C0028081,1,0,0,0,0
1530,C0038990,1,0,0,0,0
1531,C0038990,1,0,0,0,0
1532,C0015672,1,0,0,0,0
1532,C0232462,0,1,0,0,0
1534,C0009806,1,0,0,0,0
1534,C3887611,1,0,0,0,0
1534,C0150079,0,0,1,0,0
1534,C0235160,1,0,0,0,0
1535,C0557875,1,0,0,0,0
1537,C0344232,1,0,0,0,0
1537,C0018681,1,0,0,0,0
1539,C0043387,1,0,0,0,0
1541,C0000765,0,0,1,0,0
1541,C0043094,1,0,0,0,0
1542,C0232462,1,0,0,0,0
1543,C0027497,1,0,0,0,0
1545,C0232462,0,1,0,0,0
1549,C0042571,1,0,0,0,0
1549,C0038990,1,0,0,0,0
1550,C0038990,1,0,0,0,0
1550,C0557878,0,0,1,0,0
1551,C0015672,1,0,0,0,0
1551,C2129214,1,0,0,0,0
1552,C0027497,1,0,0,0,0
1552,C0012833,1,0,0,0,0
1552,C0009806,1,0,0,0,0
1553,C0149931,1,0,0,0,0
1553,C0018681,1,0,0,0,0
1553,C0030193,1,0,0,0,0
1553,C0455270,1,0,0,0,0
1553,C0423684,0,0,1,0,0
1553,C0004604,1,0,0,0,0
1553,C0024031,0,0,1,0,0
1554,C0028084,1,0,0,0,0
1556,C0003467,1,0,0,0,0
1558,C0003467,1,0,0,0,0
1558,C0231403,1,0,0,0,0
1558,C0557875,1,0,0,0,0
1559,C0003467,1,0,0,0,0
1559,C0700031,1,0,0,0,0
1561,C0027497,1,0,0,0,0
1561,C0043387,1,0,0,0,0
1565,C0015672,1,0,0,0,0
1565,C0030193,1,0,0,0,0
1565,C0423684,0,0,1,0,0
1565,C0004604,1,0,0,0,0
1565,C0024031,0,0,1,0,0
1565,C0023222,0,0,1,0,0
1565,C0694551,0,0,1,0,0
1566,C0027497,1,0,0,0,0
1566,C0586746,0,0,1,0,0
1567,C0542476,1,0,0,0,0
1567,C0268000,0,0,1,0,0
1568,C0522165,1,0,0,0,0
1570,C0027497,1,0,0,0,0
1570,C0012833,1,0,0,0,0
1570,C0586746,0,0,1,0,0
1571,C0700590,1,0,0,0,0
1571,C0028081,1,0,0,0,0
1571,C0038990,1,0,0,0,0
1572,C0232462,0,1,0,0,0
1572,C1262477,1,0,0,0,0
1573,C0009806,1,0,0,0,0
1575,C0000765,0,0,1,0,0
1575,C0043094,1,0,0,0,0
1575,C0586746,0,0,1,0,0
1576,C0000765,0,0,1,0,0
1576,C0043094,1,0,0,0,0
1576,C0015672,1,0,0,0,0
1576,C0009806,1,0,0,0,0
1576,C0702166,1,0,0,0,0
1577,C0000765,0,0,1,0,0
1577,C0043094,1,0,0,0,0
1577,C0234238,1,0,0,0,0
1577,C0038990,1,0,0,0,0
1577,C0586746,0,0,1,0,0
1577,C0557878,1,0,0,0,0
1578,C0027497,1,0,0,0,0
1578,C0009806,1,0,0,0,0
1579,C0027497,1,0,0,0,0
1580,C0009806,1,0,0,0,0
1581,C0424565,0,1,0,0,0
1581,C0003467,1,0,0,0,0
1583,C0030252,1,0,0,0,0
1583,C0849963,1,0,0,0,0
1583,C0235108,1,0,0,0,0
1584,C0586742,0,0,1,0,0
1584,C0424939,0,0,1,0,0
1586,C0019993,1,0,0,0,0
1586,C0032227,1,0,0,0,0
1588,C0232462,1,0,0,0,0
1591,C0000765,0,0,1,0,0
1591,C0043094,1,0,0,0,0
1592,C0027497,1,0,0,0,0
1593,C2939147,1,0,0,0,0
1594,C0038990,1,0,0,0,0
1595,C0027497,1,0,0,0,0
1597,C4075722,1,0,0,0,0
1597,C0424336,0,0,1,0,0
1597,C0522165,0,0,1,0,0
1599,C0027497,1,0,0,0,0
1601,C0149931,1,0,0,0,0
1603,C0027497,1,0,0,0,0
1604,C0018681,1,0,0,0,0
1605,C0241705,0,0,1,0,0
1608,C0018681,1,0,0,0,0
1608,C0030193,1,0,0,0,0
1609,C0043387,1,0,0,0,0
1609,C0586746,0,0,1,0,0
1610,C0000765,0,0,1,0,0
1610,C0043094,1,0,0,0,0
1610,C0028081,1,0,0,0,0
1610,C0038990,1,0,0,0,0
1611,C0522165,1,0,0,0,0
1611,C2939147,0,0,1,0,0
1614,C0027497,1,0,0,0,0
1614,C0028643,1,0,0,0,0
1614,C0239832,0,1,0,0,0
1615,C0003467,1,0,0,0,0
1616,C0392171,0,0,1,0,0
1616,C0700148,1,0,0,0,0
1617,C2129214,1,0,0,0,0
1617,C0016204,1,0,0,0,0
1618,C0003467,1,0,0,0,0
1618,C0392674,1,0,0,0,0
1618,C0438697,1,0,0,0,0
1618,C4074971,1,0,0,0,0
1618,C0010399,1,0,0,0,0
1618,C0036104,1,0,0,0,0
1619,C0557875,1,0,0,0,0
1619,C3887611,1,0,0,0,0
1619,C0040264,1,0,0,0,0
1619,C0035258,0,0,1,0,0
1620,C3887611,1,0,0,0,0
1620,C0035258,0,0,1,0,0
1621,C0557875,1,0,0,0,0
1622,C0557875,1,0,0,0,0
1622,C2364087,0,0,1,0,0
1623,C0000765,0,0,1,0,0
1623,C0043094,1,0,0,0,0
1623,C0009806,1,0,0,0,0
1624,C0000765,0,0,1,0,0
1624,C0043094,1,0,0,0,0
1624,C0009806,1,0,0,0,0
1626,C0027497,1,0,0,0,0
1626,C0018681,1,0,0,0,0
1626,C0233494,1,0,0,0,0
1628,C0027497,1,0,0,0,0
1628,C0234369,1,0,0,0,0
1631,C0586746,0,0,1,0,0
1633,C0424336,0,0,1,0,0
1633,C0020175,1,0,0,0,0
1633,C0231247,0,0,1,0,0
1634,C0027497,1,0,0,0,0
1634,C0038990,1,0,0,0,0
1634,C0009806,1,0,0,0,0
1635,C1971624,1,0,0,0,0
1635,C0586746,0,0,1,0,0
1636,C0009806,1,0,0,0,0
1639,C1971624,0,1,0,0,0
1639,C0586746,0,0,1,0,0
1639,C0009806,1,0,0,0,0
1641,C0577027,1,0,0,0,0
1642,C0235283,1,0,0,0,0
1646,C0027497,1,0,0,0,0
1647,C1443924,1,0,0,0,0
1647,C0011991,1,0,0,0,0
1647,C0400822,1,0,0,0,0
1648,C0150079,0,0,1,0,0
1649,C0027497,1,0,0,0,0
1649,C0392674,1,0,0,0,0
1649,C0009806,1,0,0,0,0
1651,C0009806,1,0,0,0,0
1652,C0027497,1,0,0,0,0
1652,C0150079,0,0,1,0,0
1656,C0027497,1,0,0,0,0
1656,C0012833,1,0,0,0,0
1657,C0917801,1,0,0,0,0
1659,C0009806,1,0,0,0,0
1661,C1971624,1,0,0,0,0
1661,C0030193,1,0,0,0,0
1661,C0564821,0,0,1,0,0
1661,C0694551,0,0,1,0,0
1662,C0231247,0,0,1,0,0
1663,C0917801,1,0,0,0,0
1663,C0030193,1,0,0,0,0
1663,C0239833,0,0,1,0,0
1667,C3887611,1,0,0,0,0
1667,C0235160,1,0,0,0,0
1668,C0232462,0,1,0,0,0
1668,C0232461,1,0,0,0,0
1668,C0021177,1,0,0,0,0
1669,C0009806,1,0,0,0,0
1670,C0013144,1,0,0,0,0
1672,C0027497,1,0,0,0,0
1672,C0015672,1,0,0,0,0
1673,C0000765,0,0,1,0,0
1673,C0043094,1,0,0,0,0
1674,C0027497,1,0,0,0,0
1674,C0018681,1,0,0,0,0
1674,C0235309,1,0,0,0,0
1675,C0000765,0,0,1,0,0
1675,C0043094,1,0,0,0,0
1678,C0003467,1,0,0,0,0
1681,C0558077,1,0,0,0,0
1681,C0438697,1,0,0,0,0
1681,C0010399,1,0,0,0,0
1682,C0009806,1,0,0,0,0
1683,C0000765,0,0,1,0,0
1683,C0917801,1,0,0,0,0
1683,C0043094,1,0,0,0,0
1688,C0003467,1,0,0,0,0
1688,C0085633,1,0,0,0,0
1688,C0030318,1,0,0,0,0
1688,C0009806,1,0,0,0,0
1689,C0344232,1,0,0,0,0
1689,C0701810,0,0,1,0,0
1689,C0028084,1,0,0,0,0
1689,C0036973,1,0,0,0,0
1690,C0000765,0,0,1,0,0
1690,C0027497,1,0,0,0,0
1690,C0012833,1,0,0,0,0
1690,C0043094,1,0,0,0,0
1690,C0013144,1,0,0,0,0
1694,C0003467,1,0,0,0,0
1695,C0003467,1,0,0,0,0
1695,C0438696,1,0,0,0,0
1695,C3887611,1,0,0,0,0
1695,C0522179,1,0,0,0,0
1695,C0038661,1,0,0,0,0
1696,C0438696,1,0,0,0,0
1696,C0563146,0,0,1,0,0
1696,C0455204,1,0,0,0,0
1696,C0038661,1,0,0,0,0
1697,C0917801,1,0,0,0,0
1697,C0023380,1,0,0,0,0
1697,C0019993,1,0,0,0,0
1699,C0425101,0,0,1,0,0
1699,C0002871,1,0,0,0,0
1703,C0424336,0,0,1,0,0
1703,C0028643,1,0,0,0,0
1703,C0587054,0,0,1,0,0
1704,C0557875,1,0,0,0,0
1705,C0542476,1,0,0,0,0
1705,C0031212,1,0,0,0,0
1705,C0036104,1,0,0,0,0
1706,C0423684,0,0,1,0,0
1706,C0004604,0,0,1,0,0
1706,C0024031,0,0,1,0,0
1707,C0438696,1,0,0,0,0
1707,C0038661,1,0,0,0,0
1708,C0012833,1,0,0,0,0
1708,C0018681,1,0,0,0,0
1708,C0028081,1,0,0,0,0
1708,C0030193,1,0,0,0,0
1708,C0030252,1,0,0,0,0
1708,C0038990,1,0,0,0,0
1708,C0000737,1,0,0,0,0
1708,C0023222,0,0,1,0,0
1708,C0564821,0,0,1,0,0
1708,C0694551,0,0,1,0,0
1712,C0012833,1,0,0,0,0
1712,C0016382,1,0,0,0,0
1712,C0438696,1,0,0,0,0
1712,C0028084,1,0,0,0,0
1712,C0038661,1,0,0,0,0
1713,C0000765,0,0,1,0,0
1713,C0003467,1,0,0,0,0
1713,C0043094,1,0,0,0,0
1713,C0151786,1,0,0,0,0
1715,C0438697,1,0,0,0,0
1715,C0424110,1,0,0,0,0
1715,C0010399,1,0,0,0,0
1716,C0000765,0,0,1,0,0
1716,C0043094,1,0,0,0,0
1716,C0020175,1,0,0,0,0
1717,C0344232,1,0,0,0,0
1717,C0701810,0,0,1,0,0
1717,C0040822,1,0,0,0,0
1717,C0438697,1,0,0,0,0
1717,C0028084,1,0,0,0,0
1717,C0850674,1,0,0,0,0
1717,C0239882,0,0,1,0,0
1717,C0010399,1,0,0,0,0
1718,C2981158,1,0,0,0,0
1719,C1971624,1,0,0,0,0
1719,C0557875,1,0,0,0,0
1719,C0030193,1,0,0,0,0
1719,C0456814,1,0,0,0,0
1719,C0000737,1,0,0,0,0
1719,C0085631,1,0,0,0,0
1721,C0000765,0,0,1,0,0
1721,C0012833,1,0,0,0,0
1721,C0043094,1,0,0,0,0
1721,C0030193,1,0,0,0,0
1721,C0438696,1,0,0,0,0
1721,C0028643,1,0,0,0,0
1721,C2141086,0,0,1,0,0
1721,C0038661,1,0,0,0,0
1722,C0522165,0,0,1,0,0
1724,C0027497,1,0,0,0,0
1724,C0018681,1,0,0,0,0
1726,C0557875,1,0,0,0,0
1726,C0554980,1,0,0,0,0
1726,C0558127,0,0,1,0,0
1726,C0424092,1,0,0,0,0
1728,C0438696,1,0,0,0,0
1728,C0038661,1,0,0,0,0
1730,C0240735,1,0,0,0,0
1732,C0240735,1,0,0,0,0
1736,C0003467,1,0,0,0,0
1737,C0027497,1,0,0,0,0
1737,C1971624,1,0,0,0,0
1737,C0701810,0,0,1,0,0
1737,C0018681,1,0,0,0,0
1737,C0015672,1,0,0,0,0
1737,C0233407,1,0,0,0,0
1737,C0036973,1,0,0,0,0
1739,C0009806,1,0,0,0,0
1739,C0581394,0,0,1,0,0
1739,C0235439,0,0,1,0,0
1739,C0038999,1,0,0,0,0
1740,C0038990,1,0,0,0,0
1741,C0000765,0,0,1,0,0
1741,C0043094,1,0,0,0,0
1741,C0232461,1,0,0,0,0
1742,C0012833,1,0,0,0,0
1742,C0018681,1,0,0,0,0
1742,C0040822,1,0,0,0,0
1742,C0002957,1,0,0,0,0
1744,C0015672,1,0,0,0,0
1744,C0438697,1,0,0,0,0
1744,C0010399,1,0,0,0,0
1744,C0242979,1,0,0,0,0
1744,C0004096,1,0,0,0,0
1744,C0577887,0,0,1,0,0
1745,C0701811,0,0,1,0,0
1745,C0028643,1,0,0,0,0
1745,C0007859,0,0,1,0,0
1745,C0239511,0,0,1,0,0
1745,C0564821,0,0,1,0,0
1745,C0694551,0,0,1,0,0
1745,C0587054,0,0,1,0,0
1746,C0015672,1,0,0,0,0
1746,C0013144,1,0,0,0,0
1746,C0009806,1,0,0,0,0
1746,C0011206,1,0,0,0,0
1747,C0438696,1,0,0,0,0
1747,C0038661,1,0,0,0,0
1748,C0438696,1,0,0,0,0
1748,C1760428,0,0,1,0,0
1748,C0038661,1,0,0,0,0
1749,C0438696,1,0,0,0,0
1749,C0038661,1,0,0,0,0
1750,C0000765,0,0,1,0,0
1750,C0043094,1,0,0,0,0
1750,C0030193,1,0,0,0,0
1750,C0438696,1,0,0,0,0
1750,C0586746,0,0,1,0,0
1750,C0277960,1,0,0,0,0
1750,C0008031,1,0,0,0,0
1750,C0023222,0,0,1,0,0
1750,C0578994,0,0,1,0,0
1750,C0423636,0,0,1,0,0
1750,C0038661,1,0,0,0,0
1750,C0239377,0,0,1,0,0
1751,C0701811,0,0,1,0,0
1751,C0438696,1,0,0,0,0
1751,C0009806,1,0,0,0,0
1751,C0038661,1,0,0,0,0
1753,C0582093,1,0,0,0,0
1754,C0871189,1,0,0,0,0
1755,C0917801,1,0,0,0,0
1755,C0038990,1,0,0,0,0
1755,C0002957,1,0,0,0,0
1756,C0085633,1,0,0,0,0
1756,C0233730,1,0,0,0,0
1757,C0002957,1,0,0,0,0
1758,C0917801,1,0,0,0,0
1761,C0000765,0,0,1,0,0
1761,C0043094,1,0,0,0,0
1762,C0000765,0,0,1,0,0
1762,C0043094,1,0,0,0,0
1763,C0012833,1,0,0,0,0
1763,C0557875,1,0,0,0,0
1763,C0424336,0,0,1,0,0
1763,C0423994,0,0,1,0,0
1763,C0028084,1,0,0,0,0
1763,C0558185,0,0,1,0,0
1763,C0857087,0,0,1,0,0
1764,C0041755,0,0,1,0,0
1765,C0438697,1,0,0,0,0
1765,C0010399,1,0,0,0,0
1769,C0000765,0,0,1,0,0
1769,C0043094,1,0,0,0,0
1773,C0000765,0,0,1,0,0
1773,C0043094,1,0,0,0,0
1773,C0586746,0,0,1,0,0
1774,C0701811,0,0,1,0,0
1774,C0012833,1,0,0,0,0
1774,C0015672,1,0,0,0,0
1774,C0013144,1,0,0,0,0
1774,C0085633,1,0,0,0,0
1774,C0038990,1,0,0,0,0
1774,C0028084,1,0,0,0,0
1775,C0438696,1,0,0,0,0
1775,C0038663,1,0,0,0,0
1775,C0038661,1,0,0,0,0
1776,C0000765,0,0,1,0,0
1776,C0701811,0,0,1,0,0
1776,C0043094,1,0,0,0,0
1776,C0018681,1,0,0,0,0
1776,C0015672,1,0,0,0,0
1776,C0424336,0,0,1,0,0
1776,C0038990,1,0,0,0,0
1776,C0231247,0,0,1,0,0
1776,C2939147,1,0,0,0,0
1776,C0557932,1,0,0,0,0
1776,C0557878,1,0,0,0,0
1778,C0000765,0,0,1,0,0
1778,C0043094,1,0,0,0,0
1778,C0009806,1,0,0,0,0
1778,C0028084,1,0,0,0,0
1778,C0020676,1,0,0,0,0
1780,C0027497,1,0,0,0,0
1780,C0085633,1,0,0,0,0
1780,C0438697,1,0,0,0,0
1780,C0010399,1,0,0,0,0
1781,C0000765,0,0,1,0,0
1781,C0043094,1,0,0,0,0
1782,C0003467,1,0,0,0,0
1784,C0438696,1,0,0,0,0
1784,C0038661,1,0,0,0,0
1786,C0003467,1,0,0,0,0
1787,C0003467,1,0,0,0,0
1787,C0522165,0,0,1,0,0
1787,C0424095,0,0,1,0,0
1791,C0028643,1,0,0,0,0
1791,C0587054,0,0,1,0,0
1792,C0009806,1,0,0,0,0
1793,C0392674,1,0,0,0,0
1794,C0086769,1,0,0,0,0
1794,C0030318,1,0,0,0,0
1795,C0036973,1,0,0,0,0
1798,C0042571,1,0,0,0,0
1798,C0425082,1,0,0,0,0
1801,C0424565,0,1,0,0,0
1801,C0557875,1,0,0,0,0
1804,C0701811,0,0,1,0,0
1804,C0027497,1,0,0,0,0
1804,C0015672,1,0,0,0,0
1804,C0028081,1,0,0,0,0
1804,C0085633,1,0,0,0,0
1804,C0424336,0,0,1,0,0
1804,C0038990,1,0,0,0,0
1804,C0022107,1,0,0,0,0
1804,C0558127,0,0,1,0,0
1804,C0583786,0,0,1,0,0
1804,C2939147,1,0,0,0,0
1804,C0557878,1,0,0,0,0
1806,C0002170,1,0,0,0,0
1808,C0003467,1,0,0,0,0
1808,C0700031,1,0,0,0,0
1808,C0522179,0,0,1,0,0
1809,C0003467,1,0,0,0,0
1809,C0700031,1,0,0,0,0
1811,C0003467,1,0,0,0,0
1812,C0392674,1,0,0,0,0
1814,C0497406,1,0,0,0,0
1816,C0000765,0,0,1,0,0
1816,C0043094,1,0,0,0,0
1816,C0018681,1,0,0,0,0
1816,C0038990,1,0,0,0,0
1816,C0521008,1,0,0,0,0
1816,C2939147,1,0,0,0,0
1816,C0557878,1,0,0,0,0
1817,C0027497,1,0,0,0,0
1819,C0000765,0,0,1,0,0
1819,C0043094,1,0,0,0,0
1819,C1262477,1,0,0,0,0
1821,C0234238,1,0,0,0,0
1821,C0344375,1,0,0,0,0
1821,C0221512,1,0,0,0,0
1821,C0041582,1,0,0,0,0
1822,C0003467,1,0,0,0,0
1823,C0003467,1,0,0,0,0
1823,C0241934,1,0,0,0,0
1824,C0000765,0,0,1,0,0
1824,C0043094,1,0,0,0,0
1825,C0003467,1,0,0,0,0
1827,C0038990,1,0,0,0,0
1828,C0586746,0,0,1,0,0
1829,C0557875,1,0,0,0,0
1829,C0011991,1,0,0,0,0
1831,C2981158,0,0,1,0,0
1831,C0023380,1,0,0,0,0
1832,C0012833,1,0,0,0,0
1832,C0438697,1,0,0,0,0
1832,C0010399,1,0,0,0,0
1833,C0240735,1,0,0,0,0
1834,C0150084,0,0,1,0,0
1835,C0003467,1,0,0,0,0
1836,C0012833,1,0,0,0,0
1836,C0497247,0,0,1,0,0
1836,C0030193,1,0,0,0,0
1836,C0019993,1,0,0,0,0
1836,C0522165,1,0,0,0,0
1836,C0582051,1,0,0,0,0
1836,C2141086,0,0,1,0,0
1836,C0564820,0,0,1,0,0
1836,C0041582,1,0,0,0,0
1836,C0239833,0,0,1,0,0
1837,C0041582,1,0,0,0,0
1838,C0012833,1,0,0,0,0
1838,C0015672,1,0,0,0,0
1838,C0009806,1,0,0,0,0
1839,C0344232,1,0,0,0,0
1839,C0018681,1,0,0,0,0
1839,C0424336,0,0,1,0,0
1841,C0018681,1,0,0,0,0
1841,C0041755,0,0,1,0,0
1842,C0344232,1,0,0,0,0
1842,C0012833,1,0,0,0,0
1842,C0015672,1,0,0,0,0
1842,C0232461,1,0,0,0,0
1844,C0037763,1,0,0,0,0
1844,C0149931,1,0,0,0,0
1844,C0456820,0,0,1,0,0
1844,C0013144,1,0,0,0,0
1844,C0424336,0,0,1,0,0
1844,C0030252,1,0,0,0,0
1844,C0237314,0,0,1,0,0
1844,C0558127,0,0,1,0,0
1844,C0581912,1,0,0,0,0
1844,C0026821,0,0,1,0,0
1844,C0557883,1,0,0,0,0
1846,C0016770,1,0,0,0,0
1851,C0231247,0,0,1,0,0
1852,C0003467,1,0,0,0,0
1852,C0015672,1,0,0,0,0
1852,C0438697,1,0,0,0,0
1852,C0010399,1,0,0,0,0
1855,C0012833,1,0,0,0,0
1855,C0424336,0,0,1,0,0
1855,C0038990,1,0,0,0,0
1856,C0018681,1,0,0,0,0
1857,C0027497,1,0,0,0,0
1857,C0424444,1,0,0,0,0
1857,C0581879,1,0,0,0,0
1858,C0003467,1,0,0,0,0
1858,C0016382,1,0,0,0,0
1858,C0151786,1,0,0,0,0
1858,C0235309,0,0,1,0,0
1858,C0151315,0,0,1,0,0
1858,C0235050,1,0,0,0,0
1858,C0522057,0,0,1,0,0
1858,C0234369,1,0,0,0,0
1859,C0151315,0,0,1,0,0
1860,C0028084,1,0,0,0,0
1861,C0085633,1,0,0,0,0
1861,C0030193,1,0,0,0,0
1861,C0040822,1,0,0,0,0
1861,C0236000,1,0,0,0,0
1863,C0003467,1,0,0,0,0
1864,C0012833,1,0,0,0,0
1864,C0018681,1,0,0,0,0
1864,C0043387,1,0,0,0,0
1864,C0232461,1,0,0,0,0
1866,C0027497,1,0,0,0,0
1866,C0242350,1,0,0,0,0
1866,C0149931,1,0,0,0,0
1866,C0018681,1,0,0,0,0
1866,C0542476,1,0,0,0,0
1868,C0549622,1,0,0,0,0
1868,C0425083,0,0,1,0,0
1868,C0028081,1,0,0,0,0
1868,C0038990,1,0,0,0,0
1868,C0677660,1,0,0,0,0
1868,C0028084,1,0,0,0,0
1869,C0028643,1,0,0,0,0
1869,C0239511,0,1,0,0,0
1869,C0239832,0,1,0,0,0
1870,C0028081,1,0,0,0,0
1870,C0038990,1,0,0,0,0
1870,C0028084,1,0,0,0,0
1876,C0036104,1,0,0,0,0
1878,C0424444,1,0,0,0,0
1878,C0028081,1,0,0,0,0
1878,C0038990,1,0,0,0,0
1879,C0027497,1,0,0,0,0
1879,C0012833,1,0,0,0,0
1879,C0554978,0,0,1,0,0
1879,C0563146,0,0,1,0,0
1879,C0231303,1,0,0,0,0
1879,C0701812,1,0,0,0,0
1881,C0085602,0,0,1,0,0
1883,C0917801,1,0,0,0,0
1884,C0012833,1,0,0,0,0
1884,C0424336,0,0,1,0,0
1884,C0038990,1,0,0,0,0
1884,C0036973,1,0,0,0,0
1885,C0234019,0,0,1,0,0
1885,C0041582,1,0,0,0,0
1885,C0017601,1,0,0,0,0
1888,C0000765,0,0,1,0,0
1888,C0043094,1,0,0,0,0
1888,C0586746,0,0,1,0,0
1888,C0041755,0,0,1,0,0
1890,C0000765,0,0,1,0,0
1890,C0043094,1,0,0,0,0
1891,C0000765,0,0,1,0,0
1891,C0043094,1,0,0,0,0
1892,C0003467,1,0,0,0,0
1893,C0000765,0,0,1,0,0
1893,C0043094,1,0,0,0,0
1893,C0231247,0,0,1,0,0
1894,C0557875,1,0,0,0,0
1895,C0037317,1,0,0,0,0
1895,c0037317,1,0,0,0,0
1896,C0028081,1,0,0,0,0
1896,C0038990,1,0,0,0,0
1896,C0425082,0,0,1,0,0
1896,C0036104,1,0,0,0,0
1897,C0038990,1,0,0,0,0
1897,C2939147,1,0,0,0,0
1897,C0557878,1,0,0,0,0
1900,C0497247,0,0,1,0,0
1900,C0522165,0,0,1,0,0
1901,C0030193,1,0,0,0,0
1901,C0278140,1,0,0,0,0
1901,C0038990,1,0,0,0,0
1901,C0040822,1,0,0,0,0
1901,C0344375,1,0,0,0,0
1901,C0008031,1,0,0,0,0
1901,C0239882,0,0,1,0,0
1901,C0423636,0,0,1,0,0
1902,C0043387,1,0,0,0,0
1902,C0241705,0,0,1,0,0
1903,C0425082,0,0,1,0,0
1903,C0232937,0,0,1,0,0
1905,C0003467,1,0,0,0,0
1905,C0015672,1,0,0,0,0
1905,C0392171,0,0,1,0,0
1905,C0234238,1,0,0,0,0
1905,C0009806,1,0,0,0,0
1905,C0700031,1,0,0,0,0
1906,C0557875,1,0,0,0,0
1908,C0701811,0,0,1,0,0
1908,C0012833,1,0,0,0,0
1908,C0015672,1,0,0,0,0
1908,C0557875,1,0,0,0,0
1908,C0028081,1,0,0,0,0
1908,C0424336,0,0,1,0,0
1908,C0038990,1,0,0,0,0
1908,C0009806,1,0,0,0,0
1908,C0554978,1,0,0,0,0
1908,C0542313,1,0,0,0,0
1908,C0085631,1,0,0,0,0
1908,C0563146,0,0,1,0,0
1908,C0581879,0,0,1,0,0
1908,C0240941,1,0,0,0,0
1908,C0010200,1,0,0,0,0
1913,C0000765,0,0,1,0,0
1913,C0012833,1,0,0,0,0
1913,C0043094,1,0,0,0,0
1913,C0009806,1,0,0,0,0
1914,C0038990,1,0,0,0,0
1914,C0009806,1,0,0,0,0
1915,C0028643,1,0,0,0,0
1919,C0000765,0,0,1,0,0
1919,C0549622,1,0,0,0,0
1919,C0027497,1,0,0,0,0
1919,C0043094,1,0,0,0,0
1920,C0497406,1,0,0,0,0
1923,C0018681,1,0,0,0,0
1925,C0028084,1,0,0,0,0
1926,C0700590,1,0,0,0,0
1926,C0018681,1,0,0,0,0
1926,C0028081,1,0,0,0,0
1926,C0038990,1,0,0,0,0
1927,C0000765,0,0,1,0,0
1927,C0043094,1,0,0,0,0
1927,C0038990,1,0,0,0,0
1927,C0586746,0,0,1,0,0
1927,C0018784,0,0,1,0,0
1928,C0018379,1,0,0,0,0
1930,C1971624,1,0,0,0,0
1930,C0586746,0,0,1,0,0
1931,C0028643,1,0,0,0,0
1931,C0587054,0,0,1,0,0
1932,C0860645,1,0,0,0,0
1932,C0558127,0,0,1,0,0
1933,C0700590,1,0,0,0,0
1933,C0038990,1,0,0,0,0
1934,C0000765,0,0,1,0,0
1934,C1971624,1,0,0,0,0
1934,C0043094,1,0,0,0,0
1934,C0586746,0,0,1,0,0
1935,C0000765,0,0,1,0,0
1935,C0043094,1,0,0,0,0
1936,C0000765,0,0,1,0,0
1936,C0027497,1,0,0,0,0
1936,C0012833,1,0,0,0,0
1936,C0043094,1,0,0,0,0
1939,C0424158,0,0,1,0,0
1941,C0012833,1,0,0,0,0
1941,C0028081,1,0,0,0,0
1941,C0038990,1,0,0,0,0
1941,C0558127,0,0,1,0,0
1942,C0000765,0,0,1,0,0
1942,C0043094,1,0,0,0,0
1942,C0424336,0,0,1,0,0
1942,C0043387,1,0,0,0,0
1942,C0085602,0,0,1,0,0
1942,C0586746,0,0,1,0,0
1943,C0012833,1,0,0,0,0
1943,C0018681,1,0,0,0,0
1943,C0558127,0,0,1,0,0
1944,C0016770,1,0,0,0,0
1950,C0036104,1,0,0,0,0
1952,C0234019,0,0,1,0,0
1953,C0015672,1,0,0,0,0
1953,C0043387,1,0,0,0,0
1954,C0278140,0,0,1,0,0
1960,C0425101,0,1,0,0,0
1960,C0011057,1,0,0,0,0
1961,C0701811,0,0,1,0,0
1961,C0278180,1,0,0,0,0
1961,C0262630,0,0,1,0,0
1965,C0027497,1,0,0,0,0
1965,C1971624,1,0,0,0,0
1965,C0425083,0,0,1,0,0
1965,C0018681,1,0,0,0,0
1965,C0028081,1,0,0,0,0
1965,C0038990,1,0,0,0,0
1965,C0566582,1,0,0,0,0
1968,C0038990,1,0,0,0,0
1968,C0232462,0,1,0,0,0
1969,C0009806,1,0,0,0,0
1971,C0018681,1,0,0,0,0
1972,C0012833,1,0,0,0,0
1972,C0392674,1,0,0,0,0
1973,C1971624,1,0,0,0,0
1974,C0012833,1,0,0,0,0
1975,C0027497,1,0,0,0,0
1976,C0038990,1,0,0,0,0
1977,C0520947,0,0,1,0,0
1978,C3887611,1,0,0,0,0
1978,C0035258,1,0,0,0,0
1979,C0043387,1,0,0,0,0
1981,C0000765,0,0,1,0,0
1981,C0043094,1,0,0,0,0
1982,C0027497,1,0,0,0,0
1983,C3887611,1,0,0,0,0
1986,C0701811,0,0,1,0,0
1986,C3164199,0,0,1,0,0
1987,C0030193,1,0,0,0,0
1988,C0030193,1,0,0,0,0
1988,C0278140,1,0,0,0,0
1988,C0007859,1,0,0,0,0
1988,C2141086,0,0,1,0,0
1988,C0564820,0,0,1,0,0
1988,C0023222,0,0,1,0,0
1988,C0239833,1,0,0,0,0
1988,C0239377,0,0,1,0,0
1989,C0149931,1,0,0,0,0
1990,C0003467,1,0,0,0,0
1990,C0012833,1,0,0,0,0
1991,C4075722,0,0,1,0,0
1991,C0028081,1,0,0,0,0
1991,C0038990,1,0,0,0,0
1991,C0557878,1,0,0,0,0
1992,C1971624,1,0,0,0,0
1992,C0425083,0,0,1,0,0
1992,C0566582,1,0,0,0,0
1993,C0497406,1,0,0,0,0
1993,C0424158,0,0,1,0,0
1994,C0003467,1,0,0,0,0
1994,C0037317,0,0,1,0,0
1994,C0002957,1,0,0,0,0
1994,C0150079,0,0,1,0,0
1994,c0037317,0,0,1,0,0
1995,C0027497,1,0,0,0,0
1995,C0040822,1,0,0,0,0
1996,C2981158,0,0,1,0,0
1996,C0028081,1,0,0,0,0
1996,C0038990,1,0,0,0,0
1997,C2981158,1,0,0,0,0
1997,C0344315,1,0,0,0,0
1997,C0028081,1,0,0,0,0
1997,C0038990,1,0,0,0,0
1998,C0558261,1,0,0,0,0
2000,C0018681,1,0,0,0,0
2001,C0156404,1,0,0,0,0
2002,C0003467,1,0,0,0,0
2003,C0701811,0,0,1,0,0
2003,C0020039,1,0,0,0,0
2004,C0701811,0,0,1,0,0
2004,C0043387,1,0,0,0,0
2004,C0009806,1,0,0,0,0
2005,C0558261,1,0,0,0,0
2007,C0028081,1,0,0,0,0
2007,C0038990,1,0,0,0,0
2008,C0023380,1,0,0,0,0
2009,C0015672,1,0,0,0,0
2009,C0043387,1,0,0,0,0
2009,C0232461,1,0,0,0,0
2009,C0426584,1,0,0,0,0
2010,C0013144,1,0,0,0,0
2010,C0424336,0,0,1,0,0
2012,C0011124,1,0,0,0,0
2013,C0003467,1,0,0,0,0
2014,C0012833,1,0,0,0,0
2016,C1971624,1,0,0,0,0
2017,C0028084,1,0,0,0,0
2018,C0028081,1,0,0,0,0
2018,C0037317,0,0,1,0,0
2018,C0038990,1,0,0,0,0
2018,C0542313,0,0,1,0,0
2018,C0150079,0,0,1,0,0
2018,c0037317,0,0,1,0,0
2020,C0012833,1,0,0,0,0
2024,C0000765,0,0,1,0,0
2024,C0701811,0,0,1,0,0
2024,C0043094,1,0,0,0,0
2024,C0043387,1,0,0,0,0
2024,C0586746,0,0,1,0,0
2024,C0009806,1,0,0,0,0
2024,C0040264,1,0,0,0,0
2025,C0557875,1,0,0,0,0
2026,C0015672,1,0,0,0,0
2026,C0038990,1,0,0,0,0
2028,C0036104,1,0,0,0,0
2029,C0015672,1,0,0,0,0
2031,C0557875,1,0,0,0,0
2031,C0234238,1,0,0,0,0
2032,C0038990,1,0,0,0,0
2033,C0564216,0,0,1,0,0
2035,C0578994,0,0,1,0,0
2035,C0240327,1,0,0,0,0
2035,C0423564,0,0,1,0,0
2036,C0085633,1,0,0,0,0
2036,C0438696,1,0,0,0,0
2036,C0038661,1,0,0,0,0
2038,C0040822,1,0,0,0,0
2040,C0220870,1,0,0,0,0
2044,C0917801,1,0,0,0,0
2045,C0425083,0,0,1,0,0
2045,C0015672,1,0,0,0,0
2045,C0557875,1,0,0,0,0
2045,C0150079,0,0,1,0,0
2046,C0701811,0,0,1,0,0
2048,C0030193,1,0,0,0,0
2049,C0030193,1,0,0,0,0
2050,C0030193,1,0,0,0,0
2051,C0030193,1,0,0,0,0
2052,C0015672,1,0,0,0,0
2052,C0234238,1,0,0,0,0
2052,C0009806,1,0,0,0,0
2052,C0242979,1,0,0,0,0
2053,C0000765,0,0,1,0,0
2053,C0027497,1,0,0,0,0
2053,C0043094,1,0,0,0,0
2053,C0018681,1,0,0,0,0
2053,C0011991,1,0,0,0,0
2053,C0564216,0,0,1,0,0
2053,C0582140,0,0,1,0,0
2053,C0016204,1,0,0,0,0
2054,C0701811,0,0,1,0,0
2054,C0701810,0,0,1,0,0
2054,C0578026,0,0,1,0,0
2055,C0497247,0,0,1,0,0
2056,C0700590,1,0,0,0,0
2056,C0028081,1,0,0,0,0
2056,C0038990,1,0,0,0,0
2056,C0232461,1,0,0,0,0
2057,C0028081,1,0,0,0,0
2057,C0038990,1,0,0,0,0
2058,C0000765,0,0,1,0,0
2058,C0043094,1,0,0,0,0
2060,C0000765,0,0,1,0,0
2060,C0086769,1,0,0,0,0
2060,C0043094,1,0,0,0,0
2060,C0231530,1,0,0,0,0
2060,C0028081,1,0,0,0,0
2060,C0030318,1,0,0,0,0
2060,C0038990,1,0,0,0,0
2060,C0586746,0,0,1,0,0
2060,C0231247,0,0,1,0,0
2060,C0028084,1,0,0,0,0
2060,C0037320,0,0,1,0,0
2062,C0012833,1,0,0,0,0
2062,C0022107,1,0,0,0,0
2062,C0028084,1,0,0,0,0
2063,C0231530,1,0,0,0,0
2064,C0018681,1,0,0,0,0
2064,C0557875,1,0,0,0,0
2066,C0027497,1,0,0,0,0
2066,C0012833,1,0,0,0,0
2066,C0581879,0,0,1,0,0
2070,C0424558,1,0,0,0,0
2070,C0424557,1,0,0,0,0
2071,C0424336,0,0,1,0,0
2074,C0000765,0,0,1,0,0
2074,C0043094,1,0,0,0,0
2074,C0018681,1,0,0,0,0
2081,C0038990,1,0,0,0,0
2084,C0028081,1,0,0,0,0
2084,C0038990,1,0,0,0,0
2084,C3887611,1,0,0,0,0
2084,C0035258,0,0,1,0,0
2084,C0036572,1,0,0,0,0
2085,C0028081,1,0,0,0,0
2085,C0038990,1,0,0,0,0
2086,C0036572,1,0,0,0,0
2089,C0038999,1,0,0,0,0
2089,C0575805,0,1,0,0,0
2091,C0438697,1,0,0,0,0
2091,C0010399,1,0,0,0,0
2093,C1971624,1,0,0,0,0
2093,C0009806,1,0,0,0,0
2093,C0232461,1,0,0,0,0
2093,C0455769,1,0,0,0,0
2095,C0012833,1,0,0,0,0
2097,C0003467,1,0,0,0,0
2097,C0700590,1,0,0,0,0
2097,C0028081,1,0,0,0,0
2097,C0038990,1,0,0,0,0
2100,C1971624,0,1,0,0,0
2100,C0586746,0,0,1,0,0
2100,C0232462,0,1,0,0,0
2100,C1262477,1,0,0,0,0
2102,C0003467,1,0,0,0,0
2102,C0700031,1,0,0,0,0
2102,C0015967,1,0,0,0,0
2104,C0033774,1,0,0,0,0
2105,C0012833,1,0,0,0,0
2106,C0241705,0,0,1,0,0
2107,C0040822,1,0,0,0,0
2108,C0557875,1,0,0,0,0
2109,C0549622,1,0,0,0,0
2109,C0917801,1,0,0,0,0
2109,C0043387,1,0,0,0,0
2110,C0549622,1,0,0,0,0
2110,C0917801,1,0,0,0,0
2113,C0000765,0,0,1,0,0
2113,C0043094,1,0,0,0,0
2113,C0040822,1,0,0,0,0
2113,C0586746,0,0,1,0,0
2113,C0578026,0,0,1,0,0
2116,C0701811,0,0,1,0,0
2116,C0424336,0,0,1,0,0
2116,C0424158,0,0,1,0,0
2117,C0027497,1,0,0,0,0
2117,C1971624,1,0,0,0,0
2117,C0012833,1,0,0,0,0
2117,C0425083,0,0,1,0,0
2117,C0016382,1,0,0,0,0
2117,C0700590,1,0,0,0,0
2117,C0497247,0,0,1,0,0
2117,C0030193,1,0,0,0,0
2117,C0038990,1,0,0,0,0
2117,C0586746,0,0,1,0,0
2117,C0009806,1,0,0,0,0
2117,C1821572,0,0,1,0,0
2117,C0000737,1,0,0,0,0
2117,C0232462,0,1,0,0,0
2117,C0232461,1,0,0,0,0
2117,C0005826,1,0,0,0,0
2117,C1262477,1,0,0,0,0
2117,C0566582,1,0,0,0,0
2117,C0850674,0,0,1,0,0
2117,C2141086,0,0,1,0,0
2117,C0425101,0,1,0,0,0
2117,C0036973,1,0,0,0,0
2117,C0578026,0,0,1,0,0
2117,C0015967,1,0,0,0,0
2117,C0010200,1,0,0,0,0
2117,C0019112,1,0,0,0,0
2119,C0231528,1,0,0,0,0
2119,C0701810,0,0,1,0,0
2119,C0030193,1,0,0,0,0
2119,C0023222,0,0,1,0,0
2120,C0003467,1,0,0,0,0
2120,C0557875,1,0,0,0,0
2120,C0022107,0,0,1,0,0
2122,C0549622,1,0,0,0,0
2123,C0701811,0,0,1,0,0
2123,C0028081,1,0,0,0,0
2123,C0038990,1,0,0,0,0
2123,C0009806,1,0,0,0,0
0,C0012833,1,0,0,0,0
0,C2981158,0,0,1,0,0
0,C0042571,1,0,0,0,0
0,C0586746,0,0,1,0,0
0,C0231247,0,0,1,0,0
0,C0232937,1,0,0,0,0
2127,C0028081,1,0,0,0,0
2127,C0038990,1,0,0,0,0
2128,C0231247,0,0,1,0,0
2129,C0344315,0,0,1,0,0
2130,C0438697,1,0,0,0,0
2130,C0010399,1,0,0,0,0
2131,C1827663,0,0,1,0,0
2131,C0009806,1,0,0,0,0
2133,C0027497,1,0,0,0,0
2133,C0012833,1,0,0,0,0
2136,C0027497,1,0,0,0,0
2136,C0012833,1,0,0,0,0
2137,C0009806,1,0,0,0,0
2138,C0012833,1,0,0,0,0
2138,C0018681,1,0,0,0,0
2141,C0028643,1,0,0,0,0
2141,C0587054,0,1,0,0,0
2142,C0028081,1,0,0,0,0
2142,C0038990,1,0,0,0,0
2147,C0027497,1,0,0,0,0
2147,C0424444,1,0,0,0,0
2147,C0038990,1,0,0,0,0
2151,C0344232,1,0,0,0,0
2152,C0038990,1,0,0,0,0
2153,C0424336,0,0,1,0,0
2154,C1971624,1,0,0,0,0
2154,C0028081,1,0,0,0,0
2154,C0038990,1,0,0,0,0
2156,C0027497,1,0,0,0,0
2156,C1971624,1,0,0,0,0
2156,C0038990,1,0,0,0,0
2156,C0040822,1,0,0,0,0
2156,C0586746,0,0,1,0,0
2157,C0030193,1,0,0,0,0
2157,C0023222,0,0,1,0,0
2157,C0694551,0,0,1,0,0
2159,C0557875,1,0,0,0,0
2160,C0043387,1,0,0,0,0
2161,C0000765,0,0,1,0,0
2161,C0043094,1,0,0,0,0
2163,C0027497,1,0,0,0,0
2163,C0009806,1,0,0,0,0
2163,C0577027,1,0,0,0,0
2164,C0043387,1,0,0,0,0
2166,C2364087,0,0,1,0,0
